"Loan_ID","Gender","Married","Dependents","Education","Self_Employed","ApplicantIncome","CoapplicantIncome","LoanAmount","Loan_Amount_Term","Credit_History","Property_Area","Loan_Status","TotalIncome","DebtToIncomeRatio","log_TotalIncome","log_DebtToIncomeRatio"
"LP001002","Male","No","0","Graduate","No",5849,0,NA,360,1,"Urban","Y",5849,NA,8.6741969402259,NA
"LP001003","Male","Yes","1","Graduate","No",4583,1508,128,360,1,"Rural","N",6091,0.0210146117222131,8.71473171401505,0.0207968502674047
"LP001005","Male","Yes","0","Graduate","Yes",3000,0,66,360,1,"Urban","Y",3000,0.022,8.00670084544037,0.0217614917815127
"LP001006","Male","Yes","0","Not Graduate","No",2583,2358,120,360,1,"Urban","Y",4941,0.0242865816636308,8.50552538654856,0.023996352368328
"LP001008","Male","No","0","Graduate","No",6000,0,141,360,1,"Urban","Y",6000,0.0235,8.69968140098951,0.0232281261192072
"LP001011","Male","Yes","2","Graduate","Yes",5417,4196,267,360,1,"Urban","Y",9613,0.0277748881722667,9.17097564845391,0.0273961626760973
"LP001013","Male","Yes","0","Not Graduate","No",2333,1516,95,360,1,"Urban","Y",3849,0.0246817355157184,8.25582842728183,0.0243820624387799
"LP001014","Male","Yes","3+","Graduate","No",3036,2504,158,360,0,"Semiurban","N",5540,0.0285198555956679,8.61993026886735,0.0281207353165241
"LP001018","Male","Yes","2","Graduate","No",4006,1526,168,360,1,"Urban","Y",5532,0.0303687635574837,8.61848544289811,0.0299167610379927
"LP001020","Male","Yes","1","Graduate","No",12841,10968,349,360,1,"Semiurban","N",23809,0.0146583224830946,10.0778609394809,0.0145519277263214
"LP001024","Male","Yes","2","Graduate","No",3200,700,70,360,1,"Urban","Y",3900,0.0179487179487179,8.26898820950666,0.0177895415634983
"LP001027","Male","Yes","2","Graduate","",2500,1840,109,360,1,"Urban","Y",4340,0.0251152073732719,8.37586001529959,0.0248050037115912
"LP001028","Male","Yes","2","Graduate","No",3073,8106,200,360,1,"Urban","Y",11179,0.0178906878969496,9.32188174670909,0.0177325330866829
"LP001029","Male","No","0","Graduate","No",1853,2840,114,360,1,"Rural","N",4693,0.0242914979757085,8.45404037641097,0.024001152099543
"LP001030","Male","Yes","2","Graduate","No",1299,1086,17,120,1,"Urban","Y",2385,0.00712788259958071,7.77737360265786,0.00710259931748726
"LP001032","Male","No","0","Graduate","No",4950,0,125,360,1,"Urban","Y",4950,0.0252525252525253,8.50734485536142,0.0249389483472521
"LP001034","Male","No","1","Not Graduate","No",3596,0,100,240,NA,"Urban","Y",3596,0.0278086763070078,8.18785544369562,0.0274290371700639
"LP001036","Female","No","0","Graduate","No",3510,0,76,360,0,"Urban","N",3510,0.0216524216524217,8.16365617616843,0.0214213377051667
"LP001038","Male","Yes","0","Not Graduate","No",4887,0,133,360,1,"Rural","N",4887,0.0272150603642316,8.49453850085143,0.0268513154156201
"LP001041","Male","Yes","0","Graduate","",2600,3500,115,NA,1,"Urban","Y",6100,0.0188524590163934,8.71620797115185,0.0186769537834089
"LP001043","Male","Yes","0","Not Graduate","No",7660,0,104,360,0,"Urban","N",7660,0.0135770234986945,8.94389780251682,0.0134856815542639
"LP001046","Male","Yes","1","Graduate","No",5955,5625,315,360,1,"Urban","Y",11580,0.0272020725388601,9.35712110318438,0.0268386716100718
"LP001047","Male","Yes","0","Not Graduate","No",2600,1911,116,360,0,"Semiurban","N",4511,0.025714919086677,8.4144957931779,0.0253898514986037
"LP001050","","Yes","2","Not Graduate","No",3365,1917,112,360,0,"Rural","N",5282,0.0212040893600909,8.57224939716431,0.0209824108425977
"LP001052","Male","Yes","1","Graduate","",3717,2925,151,360,NA,"Semiurban","N",6642,0.0227341162300512,8.80131894766524,0.0224795472546101
"LP001066","Male","Yes","0","Graduate","Yes",9560,0,191,360,1,"Semiurban","Y",9560,0.019979079497908,9.16544760308545,0.019782116789672
"LP001068","Male","Yes","0","Graduate","No",2799,2253,122,360,1,"Semiurban","Y",5052,0.0241488519398258,8.52773740529191,0.0238618792755927
"LP001073","Male","Yes","2","Not Graduate","No",4226,1040,110,360,1,"Urban","Y",5266,0.0208887200911508,8.56921621948339,0.0206735421467308
"LP001086","Male","No","0","Not Graduate","No",1442,0,35,360,1,"Urban","N",1442,0.0242718446601942,7.27447955877387,0.0239819646864854
"LP001087","Female","No","2","Graduate","",3750,2083,120,360,1,"Semiurban","Y",5833,0.0205726041488085,8.67145815042767,0.0203638463997525
"LP001091","Male","Yes","1","Graduate","",4166,3369,201,360,NA,"Urban","N",7535,0.0266755142667551,8.9274468162562,0.0263259260725344
"LP001095","Male","No","0","Graduate","No",3167,0,74,360,1,"Urban","N",3167,0.0233659614777392,8.06085575293432,0.0230971566029076
"LP001097","Male","No","1","Graduate","Yes",4692,0,106,360,1,"Rural","N",4692,0.0225916453537937,8.45382731579442,0.0223402336262738
"LP001098","Male","Yes","0","Graduate","No",3500,1667,114,360,1,"Semiurban","Y",5167,0.0220630927036965,8.55024104546244,0.0218232244197485
"LP001100","Male","No","3+","Graduate","No",12500,3000,320,360,1,"Rural","N",15500,0.0206451612903226,9.64865981695529,0.0204349384143069
"LP001106","Male","Yes","0","Graduate","No",2275,2067,NA,360,1,"Urban","Y",4342,NA,8.37632063253482,NA
"LP001109","Male","Yes","0","Graduate","No",1828,1330,100,NA,0,"Urban","N",3158,0.0316656111462951,8.05801080080209,0.031174594346403
"LP001112","Female","Yes","0","Graduate","No",3667,1459,144,360,1,"Semiurban","Y",5126,0.0280920795942255,8.5422759717837,0.0277047346113916
"LP001114","Male","No","0","Graduate","No",4166,7210,184,360,1,"Urban","Y",11376,0.0161744022503516,9.33934905253972,0.0160449901833464
"LP001116","Male","No","0","Not Graduate","No",3748,1668,110,360,1,"Semiurban","Y",5416,0.0203101920236337,8.5972974356579,0.0201066908912509
"LP001119","Male","No","0","Graduate","No",3600,0,80,360,1,"Urban","N",3600,0.0222222222222222,8.18896686364888,0.0219789067187752
"LP001120","Male","No","0","Graduate","No",1800,1213,47,360,1,"Urban","Y",3013,0.0155990706936608,8.01102337918644,0.0154786558161252
"LP001123","Male","Yes","0","Graduate","No",2400,0,75,360,NA,"Urban","Y",2400,0.03125,7.78364059622125,0.0307716586667537
"LP001131","Male","Yes","0","Graduate","No",3941,2336,134,360,1,"Semiurban","Y",6277,0.0213477776007647,8.7448067374019,0.0211231056697256
"LP001136","Male","Yes","0","Not Graduate","Yes",4695,0,96,NA,1,"Urban","Y",4695,0.0204472843450479,8.45446636150793,0.0202410452407588
"LP001137","Female","No","0","Graduate","No",3410,0,88,NA,1,"Urban","Y",3410,0.0258064516129032,8.13476078241865,0.0254790853009849
"LP001138","Male","Yes","1","Graduate","No",5649,0,44,360,1,"Urban","Y",5649,0.00778898920162861,8.63941082414049,0.00775881162581978
"LP001144","Male","Yes","0","Graduate","No",5821,0,144,360,1,"Urban","Y",5821,0.0247380175227624,8.66939912430557,0.024436987260281
"LP001146","Female","Yes","0","Graduate","No",2645,3440,120,360,0,"Urban","N",6085,0.0197206244864421,8.71374633045692,0.01952869221708
"LP001151","Female","No","0","Graduate","No",4000,2275,144,360,1,"Semiurban","Y",6275,0.0229482071713147,8.74448811385292,0.0226888573117935
"LP001155","Female","Yes","0","Not Graduate","No",1928,1644,100,360,1,"Semiurban","Y",3572,0.0279955207166853,8.18116085802341,0.0276108097439914
"LP001157","Female","No","0","Graduate","No",3086,0,120,360,1,"Semiurban","Y",3086,0.0388852883992223,8.03495502450216,0.0381483002463921
"LP001164","Female","No","0","Graduate","No",4230,0,112,360,1,"Semiurban","N",4230,0.0264775413711584,8.35019365072007,0.0261330783979135
"LP001179","Male","Yes","2","Graduate","No",4616,0,134,360,1,"Urban","N",4616,0.0290294627383016,8.43750042250699,0.0286160888407514
"LP001186","Female","Yes","1","Graduate","Yes",11500,0,286,360,0,"Urban","N",11500,0.0248695652173913,9.35018926709258,0.0245653510465172
"LP001194","Male","Yes","2","Graduate","No",2708,1167,97,360,1,"Semiurban","Y",3875,0.0250322580645161,8.26255897301066,0.0247240833776158
"LP001195","Male","Yes","0","Graduate","No",2132,1591,96,360,1,"Semiurban","Y",3723,0.0257856567284448,8.22255363839696,0.0254588133527993
"LP001197","Male","Yes","0","Graduate","No",3366,2200,135,360,1,"Rural","N",5566,0.0242544017247575,8.62461158818351,0.0239649349457458
"LP001198","Male","Yes","1","Graduate","No",8080,2250,180,360,1,"Urban","Y",10330,0.0174249757986447,9.24290436284945,0.0172749017573126
"LP001199","Male","Yes","2","Not Graduate","No",3357,2859,144,360,1,"Urban","Y",6216,0.0231660231660232,8.73504275426934,0.0229017642866845
"LP001205","Male","Yes","0","Graduate","No",2500,3796,120,360,1,"Urban","Y",6296,0.0190597204574333,8.74782860848874,0.0188803594491113
"LP001206","Male","Yes","3+","Graduate","No",3029,0,99,360,1,"Urban","Y",3029,0.0326840541432816,8.01631789850341,0.0321612906379644
"LP001207","Male","Yes","0","Not Graduate","Yes",2609,3449,165,180,0,"Rural","N",6058,0.027236711786068,8.70930004894499,0.0268723929820353
"LP001213","Male","Yes","1","Graduate","No",4945,0,NA,360,0,"Rural","N",4945,NA,8.50633444808136,NA
"LP001222","Female","No","0","Graduate","No",4166,0,116,360,0,"Semiurban","N",4166,0.0278444551128181,8.33495163142245,0.0274638473287108
"LP001225","Male","Yes","0","Graduate","No",5726,4595,258,360,1,"Semiurban","N",10321,0.0249975777540936,9.24203281870867,0.0246902494208413
"LP001228","Male","No","0","Not Graduate","No",3200,2254,126,180,0,"Urban","N",5454,0.0231023102310231,8.60428789826717,0.0228394919698228
"LP001233","Male","Yes","1","Graduate","No",10750,0,312,360,1,"Urban","Y",10750,0.0290232558139535,9.28275405248523,0.0286100569988145
"LP001238","Male","Yes","3+","Not Graduate","Yes",7100,0,125,60,1,"Urban","Y",7100,0.0176056338028169,8.86799089818209,0.0174524499512261
"LP001241","Female","No","0","Graduate","No",4300,0,136,360,0,"Semiurban","N",4300,0.0316279069767442,8.36660283278374,0.0311380467886039
"LP001243","Male","Yes","0","Graduate","No",3208,3066,172,360,1,"Urban","Y",6274,0.027414727446605,8.74432876399998,0.0270456736247597
"LP001245","Male","Yes","2","Not Graduate","Yes",1875,1875,97,360,1,"Semiurban","Y",3750,0.0258666666666667,8.22977775008189,0.0255377837878386
"LP001248","Male","No","0","Graduate","No",3500,0,81,300,1,"Semiurban","Y",3500,0.0231428571428571,8.16080392095467,0.0228791225209277
"LP001250","Male","Yes","3+","Not Graduate","No",4755,0,95,NA,0,"Semiurban","N",4755,0.0199789695057834,8.46716225781067,0.0197820089520382
"LP001253","Male","Yes","3+","Graduate","Yes",5266,1774,187,360,1,"Semiurban","Y",7040,0.0265625,8.85950548451913,0.026215842130893
"LP001255","Male","No","0","Graduate","No",3750,0,113,480,1,"Urban","N",3750,0.0301333333333333,8.22977775008189,0.0296882437018248
"LP001256","Male","No","0","Graduate","No",3750,4750,176,360,1,"Urban","N",8500,0.0207058823529412,9.04793908261736,0.0204944294683572
"LP001259","Male","Yes","1","Graduate","Yes",1000,3022,110,360,1,"Urban","N",4022,0.0273495773247141,8.29978317194979,0.0269822599069318
"LP001263","Male","Yes","3+","Graduate","No",3167,4000,180,300,0,"Semiurban","N",7167,0.0251151109250733,8.87738195465477,0.0248049096263582
"LP001264","Male","Yes","3+","Not Graduate","Yes",3333,2166,130,360,NA,"Semiurban","Y",5499,0.0236406619385343,8.61250337122056,0.0233655489562119
"LP001265","Female","No","0","Graduate","No",3846,0,111,360,1,"Semiurban","Y",3846,0.0288611544461778,8.25504890275229,0.0284525152366993
"LP001266","Male","Yes","1","Graduate","Yes",2395,0,NA,360,1,"Semiurban","Y",2395,NA,7.78155595923534,NA
"LP001267","Female","Yes","2","Graduate","No",1378,1881,167,360,1,"Urban","N",3259,0.0512427124884934,8.08948247436075,0.0499730000465037
"LP001273","Male","Yes","0","Graduate","No",6000,2250,265,360,NA,"Semiurban","N",8250,0.0321212121212121,9.01808968410434,0.031616113768062
"LP001275","Male","Yes","1","Graduate","No",3988,0,50,240,1,"Urban","Y",3988,0.0125376128385155,8.29129585190541,0.0124596677910539
"LP001279","Male","No","0","Graduate","No",2366,2531,136,360,1,"Semiurban","Y",4897,0.0277721053706351,8.49658223751211,0.0273934550740426
"LP001280","Male","Yes","2","Not Graduate","No",3333,2000,99,360,NA,"Semiurban","Y",5333,0.0185636602287643,8.58185670474196,0.0183934586379298
"LP001282","Male","Yes","0","Graduate","No",2500,2118,104,360,1,"Semiurban","Y",4618,0.0225205716760502,8.43793351043061,0.0222707277310176
"LP001289","Male","No","0","Graduate","No",8566,0,210,360,1,"Urban","Y",8566,0.0245155265001167,9.05567289196404,0.0242198437797499
"LP001310","Male","Yes","0","Graduate","No",5695,4167,175,360,1,"Semiurban","Y",9862,0.0177448793348205,9.19654566095399,0.0175892770297289
"LP001316","Male","Yes","0","Graduate","No",2958,2900,131,360,1,"Semiurban","Y",5858,0.0223625810856948,8.67573421954479,0.0221162048767836
"LP001318","Male","Yes","2","Graduate","No",6250,5654,188,180,1,"Semiurban","Y",11904,0.0157930107526882,9.38471375892096,0.0156695988264756
"LP001319","Male","Yes","2","Not Graduate","No",3273,1820,81,360,1,"Urban","Y",5093,0.0159041822108777,8.5358186555394,0.0157790358613698
"LP001322","Male","No","0","Graduate","No",4133,0,122,360,1,"Semiurban","Y",4133,0.0295185095572224,8.32700074024171,0.0290912264957421
"LP001325","Male","No","0","Not Graduate","No",3620,0,25,120,1,"Semiurban","Y",3620,0.0069060773480663,8.19450550976564,0.00688233962294178
"LP001326","Male","No","0","Graduate","",6782,0,NA,360,NA,"Urban","N",6782,NA,8.82217476094608,NA
"LP001327","Female","Yes","0","Graduate","No",2484,2302,137,360,1,"Semiurban","Y",4786,0.0286251567070623,8.47365918939251,0.028223111289882
"LP001333","Male","Yes","0","Graduate","No",1977,997,50,360,1,"Semiurban","Y",2974,0.0168123739071957,7.99799931797973,0.0166726102793232
"LP001334","Male","Yes","0","Not Graduate","No",4188,0,115,180,1,"Semiurban","Y",4188,0.0274594078319007,8.34021732094704,0.0270891608481722
"LP001343","Male","Yes","0","Graduate","No",1759,3541,131,360,1,"Semiurban","Y",5300,0.0247169811320755,8.57565076098781,0.0244164584946321
"LP001345","Male","Yes","2","Not Graduate","No",4288,3263,133,180,1,"Urban","Y",7551,0.0176135611177328,8.92956770782534,0.0174602400850217
"LP001349","Male","No","0","Graduate","No",4843,3806,151,360,1,"Semiurban","Y",8649,0.0174586657417042,9.06531459992592,0.017308014159786
"LP001350","Male","Yes","","Graduate","No",13650,0,NA,360,1,"Urban","Y",13650,NA,9.52156805800298,NA
"LP001356","Male","Yes","0","Graduate","No",4652,3583,NA,360,1,"Semiurban","Y",8235,NA,9.01627006814768,NA
"LP001357","Male","","","Graduate","No",3816,754,160,360,1,"Urban","Y",4570,0.0350109409190372,8.42748727833174,0.0344119975977283
"LP001367","Male","Yes","1","Graduate","No",3052,1030,100,360,1,"Urban","Y",4082,0.0244977951984321,8.31458729131958,0.0242025366187888
"LP001369","Male","Yes","2","Graduate","No",11417,1126,225,360,1,"Urban","Y",12543,0.0179382922745755,9.43699774259019,0.0177792996649153
"LP001370","Male","No","0","Not Graduate","",7333,0,120,360,1,"Rural","N",7333,0.0163643801991,8.90027634863127,0.0162319267878943
"LP001379","Male","Yes","2","Graduate","No",3800,3600,216,360,0,"Urban","N",7400,0.0291891891891892,8.90937040519747,0.0287712972789401
"LP001384","Male","Yes","3+","Not Graduate","No",2071,754,94,480,1,"Semiurban","Y",2825,0.0332743362831858,7.94661756324447,0.0327327272735734
"LP001385","Male","No","0","Graduate","No",5316,0,136,360,1,"Urban","Y",5316,0.0255831452219714,8.57866451350434,0.0252613729832873
"LP001387","Female","Yes","0","Graduate","",2929,2333,139,360,1,"Semiurban","Y",5262,0.0264158114785253,8.56845648535378,0.0260729389926531
"LP001391","Male","Yes","0","Not Graduate","No",3572,4114,152,NA,0,"Rural","N",7686,0.019776216497528,8.94728586934913,0.0195832076347875
"LP001392","Female","No","1","Graduate","Yes",7451,0,NA,360,1,"Semiurban","Y",7451,NA,8.91623773172148,NA
"LP001398","Male","No","0","Graduate","",5050,0,118,360,1,"Semiurban","Y",5050,0.0233663366336634,8.52734152246805,0.0230975231930323
"LP001401","Male","Yes","1","Graduate","No",14583,0,185,180,1,"Rural","Y",14583,0.0126860042515257,9.5876803163585,0.0126062110290682
"LP001404","Female","Yes","0","Graduate","No",3167,2283,154,360,1,"Semiurban","Y",5450,0.028256880733945,8.60355435706428,0.0278650197996079
"LP001405","Male","Yes","1","Graduate","No",2214,1398,85,360,NA,"Urban","Y",3612,0.0235326688815061,8.19229373114764,0.0232600443997559
"LP001421","Male","Yes","0","Graduate","No",5568,2142,175,360,1,"Rural","N",7710,0.0226977950713359,8.95040315983296,0.0224440328397636
"LP001422","Female","No","0","Graduate","No",10408,0,259,360,1,"Urban","Y",10408,0.0248847040737894,9.25042609551547,0.0245801224331416
"LP001426","Male","Yes","","Graduate","No",5667,2667,180,360,1,"Rural","Y",8334,0.0215982721382289,9.02821879518489,0.0213683344056989
"LP001430","Female","No","0","Graduate","No",4166,0,44,360,1,"Semiurban","Y",4166,0.0105616898703793,8.33495163142245,0.0105063048555098
"LP001431","Female","No","0","Graduate","No",2137,8980,137,360,0,"Semiurban","Y",11117,0.0123234685616623,9.31632069551342,0.0122481527596093
"LP001432","Male","Yes","2","Graduate","No",2957,0,81,360,1,"Semiurban","Y",2957,0.0273926276631721,7.99226864327075,0.027024163303241
"LP001439","Male","Yes","0","Not Graduate","No",4300,2014,194,360,1,"Rural","Y",6314,0.0307253721887868,8.75068303478459,0.0302627992209915
"LP001443","Female","No","0","Graduate","No",3692,0,93,360,NA,"Rural","Y",3692,0.0251895991332611,8.21419441485256,0.0248775702488064
"LP001448","","Yes","3+","Graduate","No",23803,0,370,360,1,"Rural","Y",23803,0.0155442591270008,10.0776089127647,0.0154246846700534
"LP001449","Male","No","0","Graduate","No",3865,1640,NA,360,1,"Rural","Y",5505,NA,8.61359368570255,NA
"LP001451","Male","Yes","1","Graduate","Yes",10513,3850,160,180,0,"Urban","N",14363,0.0111397340388498,9.57248035534597,0.0110781441759813
"LP001465","Male","Yes","0","Graduate","No",6080,2569,182,360,NA,"Rural","N",8649,0.0210428951323852,9.06531459992592,0.0208245511622903
"LP001469","Male","No","0","Graduate","Yes",20166,0,650,480,NA,"Urban","Y",20166,0.0322324704948924,9.91180288413984,0.0317239037991258
"LP001473","Male","No","0","Graduate","No",2014,1929,74,360,1,"Urban","Y",3943,0.0187674359624651,8.27995071572253,0.018593500481655
"LP001478","Male","No","0","Graduate","No",2718,0,70,360,1,"Semiurban","Y",2718,0.0257542310522443,7.90801944463247,0.0254281771693255
"LP001482","Male","Yes","0","Graduate","Yes",3459,0,25,120,1,"Semiurban","Y",3459,0.00722752240531946,8.14902386805177,0.0072015290352247
"LP001487","Male","No","0","Graduate","No",4895,0,102,360,1,"Semiurban","Y",4895,0.0208375893769152,8.49617382419216,0.0206234563795943
"LP001488","Male","Yes","3+","Graduate","No",4000,7750,290,360,1,"Semiurban","N",11750,0.0246808510638298,9.37169362233394,0.024381199290507
"LP001489","Female","Yes","0","Graduate","No",4583,0,84,360,1,"Rural","N",4583,0.0183286057167794,8.43032725839458,0.0181626614406915
"LP001491","Male","Yes","2","Graduate","Yes",3316,3500,88,360,1,"Urban","Y",6816,0.0129107981220657,8.82717477136278,0.0128281642541122
"LP001492","Male","No","0","Graduate","No",14999,0,242,360,0,"Semiurban","N",14999,0.0161344089605974,9.61580548008435,0.0160056326904902
"LP001493","Male","Yes","2","Not Graduate","No",4200,1430,129,360,1,"Rural","N",5630,0.0229129662522202,8.63604232525462,0.0226544063729363
"LP001497","Male","Yes","2","Graduate","No",5042,2083,185,360,1,"Rural","N",7125,0.0259649122807018,8.87150534616578,0.0256335476069729
"LP001498","Male","No","0","Graduate","No",5417,0,168,360,1,"Urban","Y",5417,0.0310134760937788,8.59748202264504,0.0305422758454022
"LP001504","Male","No","0","Graduate","Yes",6950,0,175,180,1,"Semiurban","Y",6950,0.0251798561151079,8.84664081310049,0.0248680665780135
"LP001507","Male","Yes","0","Graduate","No",2698,2034,122,360,1,"Semiurban","Y",4732,0.025781910397295,8.46231452990625,0.0254551611882693
"LP001508","Male","Yes","2","Graduate","No",11757,0,187,180,1,"Urban","Y",11757,0.015905418048822,9.3722891389622,0.0157802523512852
"LP001514","Female","Yes","0","Graduate","No",2330,4486,100,360,1,"Semiurban","Y",6816,0.0146713615023474,8.82717477136278,0.0145647782940295
"LP001516","Female","Yes","2","Graduate","No",14866,0,70,360,1,"Urban","Y",14866,0.00470873133324364,9.60689927061335,0.00469767993631975
"LP001518","Male","Yes","1","Graduate","No",1538,1425,30,360,1,"Urban","Y",2963,0.010124873439082,7.99429498641598,0.0100739602791337
"LP001519","Female","No","0","Graduate","No",10000,1666,225,360,1,"Rural","N",11666,0.019286816389508,9.36451962282386,0.0191031831239959
"LP001520","Male","Yes","0","Graduate","No",4860,830,125,360,1,"Semiurban","Y",5690,0.0219683655536028,8.64664125860312,0.0217305378323882
"LP001528","Male","No","0","Graduate","No",6277,0,118,360,0,"Rural","N",6277,0.0187987892305241,8.7448067374019,0.0186242756954113
"LP001529","Male","Yes","0","Graduate","Yes",2577,3750,152,360,1,"Rural","Y",6327,0.024024024024024,8.75273950944749,0.023739987303073
"LP001531","Male","No","0","Graduate","No",9166,0,244,360,1,"Urban","N",9166,0.026620117826751,9.12336535796178,0.026271967510356
"LP001532","Male","Yes","2","Not Graduate","No",2281,0,113,360,1,"Rural","N",2281,0.0495396755808856,7.73280753042202,0.0483516638335304
"LP001535","Male","No","0","Graduate","No",3254,0,50,360,1,"Urban","Y",3254,0.0153657037492317,8.08794755464267,0.0152488468618856
"LP001536","Male","Yes","3+","Graduate","No",39999,0,600,180,0,"Semiurban","Y",39999,0.0150003750093752,10.5966347330961,0.0148889819610472
"LP001541","Male","Yes","1","Graduate","No",6000,0,160,360,NA,"Rural","Y",6000,0.0266666666666667,8.69968140098951,0.0263173083173734
"LP001543","Male","Yes","1","Graduate","No",9538,0,187,360,1,"Urban","Y",9538,0.0196057873768086,9.16314393714521,0.0194160696284774
"LP001546","Male","No","0","Graduate","",2980,2083,120,360,1,"Rural","Y",5063,0.0237013628283626,8.52991196382401,0.0234248462197974
"LP001552","Male","Yes","0","Graduate","No",4583,5625,255,360,1,"Semiurban","Y",10208,0.024980407523511,9.23102496316902,0.0246734977964762
"LP001560","Male","Yes","0","Not Graduate","No",1863,1041,98,360,1,"Semiurban","Y",2904,0.0337465564738292,7.97418866928601,0.0331896362487206
"LP001562","Male","Yes","0","Graduate","No",7933,0,275,360,1,"Urban","N",7933,0.034665322072356,8.97891260107428,0.0340780141085478
"LP001565","Male","Yes","1","Graduate","No",3089,1280,121,360,0,"Semiurban","N",4369,0.027695124742504,8.38251828808963,0.0273185517848641
"LP001570","Male","Yes","2","Graduate","No",4167,1447,158,360,1,"Rural","Y",5614,0.0281439258995369,8.63319686717254,0.0277551629719337
"LP001572","Male","Yes","0","Graduate","No",9323,0,75,180,1,"Urban","Y",9323,0.00804462083020487,9.14034700015565,0.00801243536606739
"LP001574","Male","Yes","0","Graduate","No",3707,3166,182,NA,1,"Rural","Y",6873,0.0264804306707406,8.83550145740978,0.0261358931653092
"LP001577","Female","Yes","0","Graduate","No",4583,0,112,360,1,"Rural","N",4583,0.0244381409557059,8.43032725839458,0.0241443071332392
"LP001578","Male","Yes","0","Graduate","No",2439,3333,129,360,1,"Rural","Y",5772,0.0223492723492724,8.66094715506093,0.0221031871634073
"LP001579","Male","No","0","Graduate","No",2237,0,63,480,0,"Semiurban","N",2237,0.0281627179257935,7.71333788887187,0.0277734404271115
"LP001580","Male","Yes","2","Graduate","No",8000,0,200,360,1,"Semiurban","Y",8000,0.025,8.98732181285012,0.0246926125903715
"LP001581","Male","Yes","0","Not Graduate","",1820,1769,95,360,1,"Rural","Y",3589,0.02646976873781,8.18590748148232,0.0261255062275902
"LP001585","","Yes","3+","Graduate","No",51763,0,700,300,1,"Urban","Y",51763,0.013523172922744,10.8544502059416,0.0134325509038321
"LP001586","Male","Yes","3+","Not Graduate","No",3522,0,81,180,1,"Rural","N",3522,0.0229982964224872,8.16706817834124,0.0227378216919418
"LP001594","Male","Yes","0","Graduate","No",5708,5625,187,360,1,"Semiurban","Y",11333,0.0165004853083914,9.33556233672956,0.0163658315169338
"LP001603","Male","Yes","0","Not Graduate","Yes",4344,736,87,360,1,"Semiurban","N",5080,0.0171259842519685,8.53326337159373,0.016980987714657
"LP001606","Male","Yes","0","Graduate","No",3497,1964,116,360,1,"Rural","Y",5461,0.0212415308551547,8.60557030203365,0.0210190742374
"LP001608","Male","Yes","2","Graduate","No",2045,1619,101,360,1,"Rural","Y",3664,0.0275655021834061,8.20658361432075,0.0271924144399731
"LP001610","Male","Yes","3+","Graduate","No",5516,11300,495,360,0,"Semiurban","N",16816,0.0294362511893435,9.73014555852275,0.0290113234599971
"LP001616","Male","Yes","1","Graduate","No",3750,0,116,360,1,"Semiurban","Y",3750,0.0309333333333333,8.22977775008189,0.0304645408038197
"LP001630","Male","No","0","Not Graduate","No",2333,1451,102,480,0,"Urban","N",3784,0.0269556025369979,8.23880116587155,0.0265986997656165
"LP001633","Male","Yes","1","Graduate","No",6400,7250,180,360,0,"Urban","N",13650,0.0131868131868132,9.52156805800298,0.0131006240456981
"LP001634","Male","No","0","Graduate","No",1916,5063,67,360,NA,"Rural","N",6979,0.00960022925920619,8.85080419575642,0.00955443988403131
"LP001636","Male","Yes","0","Graduate","No",4600,0,73,180,1,"Semiurban","Y",4600,0.0158695652173913,8.43402895015547,0.0157449602232398
"LP001637","Male","Yes","1","Graduate","No",33846,0,260,360,1,"Semiurban","N",33846,0.00768185309933227,10.4296056481204,0.00765249790482847
"LP001639","Female","Yes","0","Graduate","No",3625,0,108,360,1,"Semiurban","Y",3625,0.0297931034482759,8.1958853913148,0.0293579116258087
"LP001640","Male","Yes","0","Graduate","Yes",39147,4750,120,360,1,"Semiurban","Y",43897,0.00273367200492061,10.6896240399389,0.00272994231921745
"LP001641","Male","Yes","1","Graduate","Yes",2178,0,66,300,0,"Rural","N",2178,0.0303030303030303,7.68662133494462,0.0298529631496812
"LP001643","Male","Yes","0","Graduate","No",2383,2138,58,360,NA,"Rural","Y",4521,0.0128290201282902,8.41670965283791,0.0127474253624903
"LP001644","","Yes","0","Graduate","Yes",674,5296,168,360,1,"Rural","Y",5970,0.0281407035175879,8.69466969654699,0.0277520287930337
"LP001647","Male","Yes","0","Graduate","No",9328,0,188,180,1,"Rural","Y",9328,0.0201543739279588,9.14088310696096,0.0199539628325747
"LP001653","Male","No","0","Not Graduate","No",4885,0,48,360,1,"Rural","Y",4885,0.00982599795291709,8.49412925181769,0.00977803675685514
"LP001656","Male","No","0","Graduate","No",12000,0,164,360,1,"Semiurban","N",12000,0.0136666666666667,9.39274525863144,0.0135741200271179
"LP001657","Male","Yes","0","Not Graduate","No",6033,0,160,360,1,"Urban","N",6033,0.0265208022542682,8.70516541971901,0.0261752224972992
"LP001658","Male","No","0","Graduate","No",3858,0,76,360,1,"Semiurban","Y",3858,0.0196993260756869,8.25816336153762,0.01950780548333
"LP001664","Male","No","0","Graduate","No",4191,0,120,360,1,"Rural","Y",4191,0.0286327845382963,8.34093322600088,0.0282305268220631
"LP001665","Male","Yes","1","Graduate","No",3125,2583,170,360,1,"Semiurban","N",5708,0.0297827610371409,8.64979915596426,0.0293478683821356
"LP001666","Male","No","0","Graduate","No",8333,3750,187,360,1,"Rural","Y",12083,0.0154762890010759,9.39963754250656,0.0153577526776489
"LP001669","Female","No","0","Not Graduate","No",1907,2365,120,NA,1,"Urban","Y",4272,0.0280898876404494,8.36007143564403,0.0277026025493358
"LP001671","Female","Yes","0","Graduate","No",3416,2816,113,360,NA,"Semiurban","Y",6232,0.0181322207958922,8.73761303680885,0.0179697925979038
"LP001673","Male","No","0","Graduate","Yes",11000,0,83,360,1,"Urban","N",11000,0.00754545454545455,9.30574145673943,0.00751712999514545
"LP001674","Male","Yes","1","Not Graduate","No",2600,2500,90,360,1,"Semiurban","Y",5100,0.0176470588235294,8.53719187792293,0.0174931574475172
"LP001677","Male","No","2","Graduate","No",4923,0,166,360,0,"Semiurban","Y",4923,0.033719276863701,8.50187648730434,0.0331632468306321
"LP001682","Male","Yes","3+","Not Graduate","No",3992,0,NA,180,1,"Urban","N",3992,NA,8.29229810706322,NA
"LP001688","Male","Yes","1","Not Graduate","No",3500,1083,135,360,1,"Urban","Y",4583,0.0294566877591098,8.43032725839458,0.0290311754584963
"LP001691","Male","Yes","2","Not Graduate","No",3917,0,124,360,1,"Semiurban","Y",3917,0.0316568802655093,8.27333659850449,0.0311661314126424
"LP001692","Female","No","0","Not Graduate","No",4408,0,120,360,1,"Semiurban","Y",4408,0.0272232304900181,8.39140318535794,0.0268592690502684
"LP001693","Female","No","0","Graduate","No",3244,0,80,360,1,"Urban","Y",3244,0.0246609124537608,8.08487062913819,0.0243617407400353
"LP001698","Male","No","0","Not Graduate","No",3975,2531,55,360,1,"Rural","Y",6506,0.00845373501383338,8.78063379949498,0.00841820231158077
"LP001699","Male","No","0","Graduate","No",2479,0,59,360,1,"Urban","Y",2479,0.0237999193223074,7.81601383915903,0.0235211162391425
"LP001702","Male","No","0","Graduate","No",3418,0,127,360,1,"Semiurban","N",3418,0.0371562317144529,8.1371033896393,0.0364825752906917
"LP001708","Female","No","0","Graduate","No",10000,0,214,360,1,"Semiurban","N",10000,0.0214,9.21044036697652,0.0211742352314065
"LP001711","Male","Yes","3+","Graduate","No",3430,1250,128,360,0,"Semiurban","N",4680,0.0273504273504274,8.45126704130007,0.0269830873033511
"LP001713","Male","Yes","1","Graduate","Yes",7787,0,240,360,1,"Urban","Y",7787,0.0308205984332862,8.96033936649209,0.0303551825545908
"LP001715","Male","Yes","3+","Not Graduate","Yes",5703,0,130,360,1,"Rural","Y",5703,0.0227950201648255,8.64892296209413,0.0225390955970988
"LP001716","Male","Yes","0","Graduate","No",3173,3021,137,360,1,"Urban","Y",6194,0.0221181788827898,8.73149779406324,0.0218771200109784
"LP001720","Male","Yes","3+","Not Graduate","No",3850,983,100,360,1,"Semiurban","Y",4833,0.0206910821435961,8.48342956126343,0.0204799293886542
"LP001722","Male","Yes","0","Graduate","No",150,1800,135,360,1,"Rural","N",1950,0.0692307692307692,7.57609734062311,0.0669394826751093
"LP001726","Male","Yes","0","Graduate","No",3727,1775,131,360,1,"Semiurban","Y",5502,0.0238095238095238,8.61304867705976,0.0235304974101941
"LP001732","Male","Yes","2","Graduate","",5000,0,72,360,0,"Semiurban","N",5000,0.0144,8.5173931714189,0.0142973047008244
"LP001734","Female","Yes","2","Graduate","No",4283,2383,127,360,NA,"Semiurban","Y",6666,0.0190519051905191,8.80492526261806,0.0188726903236169
"LP001736","Male","Yes","0","Graduate","No",2221,0,60,360,0,"Urban","N",2221,0.0270148581719946,7.70616297019958,0.0266563983899606
"LP001743","Male","Yes","2","Graduate","No",4009,1717,116,360,1,"Semiurban","Y",5726,0.0202584701362207,8.65294711239386,0.0200559972896259
"LP001744","Male","No","0","Graduate","No",2971,2791,144,360,1,"Semiurban","Y",5762,0.02499132245748,8.65921345143667,0.0246841466593942
"LP001749","Male","Yes","0","Graduate","No",7578,1010,175,NA,1,"Semiurban","Y",8588,0.0203772706101537,9.05823759376623,0.020172432057179
"LP001750","Male","Yes","0","Graduate","No",6250,0,128,360,1,"Semiurban","Y",6250,0.02048,8.74049672993181,0.0202731048395557
"LP001751","Male","Yes","0","Graduate","No",3250,0,170,360,1,"Rural","N",3250,0.0523076923076923,8.08671792030391,0.0509855547328677
"LP001754","Male","Yes","","Not Graduate","Yes",4735,0,138,360,1,"Urban","N",4735,0.0291446673706441,8.46294817656384,0.0287280372233276
"LP001758","Male","Yes","2","Graduate","No",6250,1695,210,360,1,"Semiurban","Y",7945,0.026431718061674,8.98042393637454,0.0260884360842979
"LP001760","Male","","","Graduate","No",4758,0,158,480,1,"Semiurban","Y",4758,0.0332072299285414,8.46779284112111,0.0326677798230224
"LP001761","Male","No","0","Graduate","Yes",6400,0,200,360,1,"Rural","Y",6400,0.03125,8.764209507142,0.0307716586667537
"LP001765","Male","Yes","1","Graduate","No",2491,2054,104,360,1,"Semiurban","Y",4545,0.0228822882288229,8.42200300441249,0.0226244150790055
"LP001768","Male","Yes","0","Graduate","",3716,0,42,180,1,"Rural","Y",3716,0.011302475780409,8.22067217029725,0.0112390800396815
"LP001770","Male","No","0","Not Graduate","No",3189,2598,120,NA,1,"Rural","Y",5787,0.0207361327112494,8.66354208775137,0.0205240657333965
"LP001776","Female","No","0","Graduate","No",8333,0,280,360,1,"Semiurban","Y",8333,0.0336013440537622,9.0280988119824,0.0330491544069669
"LP001778","Male","Yes","1","Graduate","No",3155,1779,140,360,1,"Semiurban","Y",4934,0.0283745439805432,8.50410795186758,0.0279794430699252
"LP001784","Male","Yes","1","Graduate","No",5500,1260,170,360,1,"Rural","Y",6760,0.0251479289940828,8.81892608709068,0.0248369231469391
"LP001786","Male","Yes","0","Graduate","",5746,0,255,360,NA,"Urban","N",5746,0.0443786982248521,8.65643325850774,0.043422161450278
"LP001788","Female","No","0","Graduate","Yes",3463,0,122,360,NA,"Urban","Y",3463,0.0352295697372221,8.15017926968233,0.0346232086312988
"LP001790","Female","No","1","Graduate","No",3812,0,112,360,1,"Rural","Y",3812,0.0293809024134313,8.24617155985756,0.028957555911161
"LP001792","Male","Yes","1","Graduate","No",3315,0,96,360,1,"Semiurban","Y",3315,0.0289592760180995,8.10651451625519,0.0285478797986829
"LP001798","Male","Yes","2","Graduate","No",5819,5000,120,360,1,"Rural","Y",10819,0.0110915981144283,9.28915155240047,0.0110305374322174
"LP001800","Male","Yes","1","Not Graduate","No",2510,1983,140,180,1,"Urban","N",4493,0.0311595815713332,8.41049845274527,0.0306839763464884
"LP001806","Male","No","0","Graduate","No",2965,5701,155,60,1,"Urban","Y",8666,0.0178859912300946,9.06727798913434,0.0177279189589122
"LP001807","Male","Yes","2","Graduate","Yes",6250,1300,108,360,1,"Rural","Y",7550,0.0143046357615894,8.92943528380342,0.0142032897941694
"LP001811","Male","Yes","0","Not Graduate","No",3406,4417,123,360,1,"Semiurban","Y",7823,0.0157228684647833,8.96495121171465,0.0156005446894636
"LP001813","Male","No","0","Graduate","Yes",6050,4333,120,180,1,"Urban","N",10383,0.0115573533660792,9.24802143894387,0.0114910773193214
"LP001814","Male","Yes","2","Graduate","No",9703,0,112,360,1,"Urban","Y",9703,0.0115428218076883,9.18029345062389,0.011476711685262
"LP001819","Male","Yes","1","Not Graduate","No",6608,0,137,180,1,"Urban","Y",6608,0.0207324455205811,8.79618763547045,0.0205204534410423
"LP001824","Male","Yes","1","Graduate","No",2882,1843,123,480,1,"Semiurban","Y",4725,0.026031746031746,8.46083445774685,0.0256986878213072
"LP001825","Male","Yes","0","Graduate","No",1809,1868,90,360,1,"Urban","Y",3677,0.0244764753875442,8.21012440516427,0.0241817263907691
"LP001835","Male","Yes","0","Not Graduate","No",1668,3890,201,360,0,"Semiurban","N",5558,0.0361640878013674,8.62317351495347,0.0355255172042233
"LP001836","Female","No","2","Graduate","No",3427,0,138,360,1,"Urban","N",3427,0.0402684563758389,8.13973227971767,0.0394788109737875
"LP001841","Male","No","0","Not Graduate","Yes",2583,2167,104,360,1,"Rural","Y",4750,0.0218947368421053,8.46611040118692,0.0216584892578598
"LP001843","Male","Yes","1","Not Graduate","No",2661,7101,279,180,1,"Semiurban","Y",9762,0.028580208973571,9.18635500922567,0.0281794134323435
"LP001844","Male","No","0","Graduate","Yes",16250,0,192,360,0,"Urban","N",16250,0.0118153846153846,9.69590972432601,0.0117461279541952
"LP001846","Female","No","3+","Graduate","No",3083,0,255,360,1,"Rural","Y",3083,0.0827116445021083,8.03398273468322,0.07946867633563
"LP001849","Male","No","0","Not Graduate","No",6045,0,115,360,0,"Rural","N",6045,0.0190239867659222,8.7071521753394,0.0188452934786724
"LP001854","Male","Yes","3+","Graduate","No",5250,0,94,360,1,"Urban","N",5250,0.0179047619047619,8.56617381363786,0.0177463596308122
"LP001859","Male","Yes","0","Graduate","No",14683,2100,304,360,1,"Rural","N",16783,0.0181135673002443,9.72818133063608,0.0179514711400941
"LP001864","Male","Yes","3+","Not Graduate","No",4931,0,128,360,NA,"Semiurban","N",4931,0.0259582234840803,8.50349986428423,0.02562702806781
"LP001865","Male","Yes","1","Graduate","No",6083,4250,330,360,NA,"Urban","Y",10333,0.0319365140810994,9.24319470884713,0.0314371478038246
"LP001868","Male","No","0","Graduate","No",2060,2209,134,360,1,"Semiurban","Y",4269,0.0313890840946357,8.35936910622267,0.0309065189977918
"LP001870","Female","No","1","Graduate","No",3481,0,155,36,1,"Semiurban","N",3481,0.0445274346452169,8.15536212032814,0.0435645674859306
"LP001871","Female","No","0","Graduate","No",7200,0,120,360,1,"Rural","Y",7200,0.0166666666666667,8.88197518424887,0.0165293019512106
"LP001872","Male","No","0","Graduate","Yes",5166,0,128,360,1,"Semiurban","Y",5166,0.0247773906310492,8.55004752828718,0.0244754091312608
"LP001875","Male","No","0","Graduate","No",4095,3447,151,360,1,"Rural","Y",7542,0.0200212145319544,8.92837525985363,0.0198234256406322
"LP001877","Male","Yes","2","Graduate","No",4708,1387,150,360,1,"Semiurban","Y",6095,0.0246103363412633,8.71538809736648,0.0243123806443062
"LP001882","Male","Yes","3+","Graduate","No",4333,1811,160,360,0,"Urban","Y",6144,0.0260416666666667,8.72339402200014,0.025708356710207
"LP001883","Female","No","0","Graduate","",3418,0,135,360,1,"Rural","N",3418,0.0394967817437098,8.1371033896393,0.0387367323454909
"LP001884","Female","No","1","Graduate","No",2876,1560,90,360,1,"Urban","Y",4436,0.0202885482416592,8.39773375137891,0.020085477723225
"LP001888","Female","No","0","Graduate","No",3237,0,30,360,1,"Urban","Y",3237,0.0092678405931418,8.08271113423758,0.00922515767482581
"LP001891","Male","Yes","0","Graduate","No",11146,0,136,360,1,"Urban","Y",11146,0.0122016867037502,9.31892568238962,0.0121278461704397
"LP001892","Male","No","0","Graduate","No",2833,1857,126,360,1,"Rural","Y",4690,0.026865671641791,8.45340105832846,0.0265111255483319
"LP001894","Male","Yes","0","Graduate","No",2620,2223,150,360,1,"Semiurban","Y",4843,0.0309725376832542,8.48549610467298,0.0305025680973801
"LP001896","Male","Yes","2","Graduate","No",3900,0,90,360,1,"Semiurban","Y",3900,0.0230769230769231,8.26898820950666,0.0228146777661713
"LP001900","Male","Yes","1","Graduate","No",2750,1842,115,360,1,"Semiurban","Y",4592,0.0250435540069686,8.43228868432579,0.0247351034017399
"LP001903","Male","Yes","0","Graduate","No",3993,3274,207,360,1,"Semiurban","Y",7267,0.0284849318838585,8.89123642951606,0.0280867794287933
"LP001904","Male","Yes","0","Graduate","No",3103,1300,80,360,1,"Urban","Y",4403,0.0181694299341358,8.39026849784257,0.0180063383996857
"LP001907","Male","Yes","0","Graduate","No",14583,0,436,360,1,"Semiurban","Y",14583,0.0298978262360283,9.5876803163585,0.0294595994920156
"LP001908","Female","Yes","0","Not Graduate","No",4100,0,124,360,NA,"Rural","Y",4100,0.0302439024390244,8.31898612539206,0.0297955726936982
"LP001910","Male","No","1","Not Graduate","Yes",4053,2426,158,360,0,"Urban","N",6479,0.0243864793949684,8.77647578934632,0.0240938766959677
"LP001914","Male","Yes","0","Graduate","No",3927,800,112,360,1,"Semiurban","Y",4727,0.0236936746350751,8.46125755908593,0.0234173360000822
"LP001915","Male","Yes","2","Graduate","No",2301,985.7999878,78,180,1,"Urban","Y",3286.7999878,0.023731288879616,8.09797392336472,0.0234540789774468
"LP001917","Female","No","0","Graduate","No",1811,1666,54,360,1,"Urban","Y",3477,0.0155306298533218,8.15421269491423,0.015411263920525
"LP001922","Male","Yes","0","Graduate","No",20667,0,NA,360,1,"Rural","N",20667,NA,9.93634188940707,NA
"LP001924","Male","No","0","Graduate","No",3158,3053,89,360,1,"Rural","Y",6211,0.014329415553051,8.73423818426858,0.0142277198203211
"LP001925","Female","No","0","Graduate","Yes",2600,1717,99,300,1,"Semiurban","N",4317,0.0229325920778318,8.37054761107475,0.0226735924014537
"LP001926","Male","Yes","0","Graduate","No",3704,2000,120,360,1,"Rural","Y",5704,0.0210378681626928,8.64909826229618,0.02081962778239
"LP001931","Female","No","0","Graduate","No",4124,0,115,360,1,"Semiurban","Y",4124,0.0278855480116392,8.32482129876878,0.0275038262157866
"LP001935","Male","No","0","Graduate","No",9508,0,187,360,1,"Rural","Y",9508,0.0196676482961716,9.15999399753944,0.0194767391966676
"LP001936","Male","Yes","0","Graduate","No",3075,2416,139,360,1,"Rural","Y",5491,0.025314150427973,8.61104776688786,0.0249990538548634
"LP001938","Male","Yes","2","Graduate","No",4400,0,127,360,0,"Semiurban","N",4400,0.0288636363636364,8.38958706681109,0.0284549275296061
"LP001940","Male","Yes","2","Graduate","No",3153,1560,134,360,1,"Urban","Y",4713,0.0284319966051347,8.45829208349608,0.0280353089216451
"LP001945","Female","No","","Graduate","No",5417,0,143,480,0,"Urban","N",5417,0.0263983754845856,8.59748202264504,0.0260559515867292
"LP001947","Male","Yes","0","Graduate","No",2383,3334,172,360,1,"Semiurban","Y",5717,0.0300857092880882,8.65137437288226,0.0296420116805995
"LP001949","Male","Yes","3+","Graduate","",4416,1250,110,360,1,"Urban","Y",5666,0.0194140487116131,8.64241515616962,0.0192280001822003
"LP001953","Male","Yes","1","Graduate","No",6875,0,200,360,1,"Semiurban","Y",6875,0.0290909090909091,8.83579236650274,0.0286757999766663
"LP001954","Female","Yes","1","Graduate","No",4666,0,135,360,1,"Urban","Y",4666,0.028932704672096,8.44827174594982,0.0285220559495651
"LP001955","Female","No","0","Graduate","No",5000,2541,151,480,1,"Rural","N",7541,0.0200238695133271,8.9282426778183,0.0198260285060233
"LP001963","Male","Yes","1","Graduate","No",2014,2925,113,360,1,"Urban","N",4939,0.022879125329014,8.50512061018197,0.0226213229297569
"LP001964","Male","Yes","0","Not Graduate","No",1800,2934,93,360,0,"Urban","N",4734,0.0196451204055767,8.46273700562018,0.0194546455865637
"LP001972","Male","Yes","","Not Graduate","No",2875,1750,105,360,1,"Semiurban","Y",4625,0.0227027027027027,8.43944784279138,0.0224488315394531
"LP001974","Female","No","0","Graduate","No",5000,0,132,360,1,"Rural","Y",5000,0.0264,8.5173931714189,0.0260575343192896
"LP001977","Male","Yes","1","Graduate","No",1625,1803,96,360,1,"Urban","Y",3428,0.0280046674445741,8.14002395246292,0.0276197073383997
"LP001978","Male","No","0","Graduate","No",4000,2500,140,360,1,"Rural","Y",6500,0.0215384615384615,8.77971129020447,0.0213097865867511
"LP001990","Male","No","0","Not Graduate","No",2000,0,NA,360,1,"Urban","N",2000,NA,7.60140233458373,NA
"LP001993","Female","No","0","Graduate","No",3762,1666,135,360,1,"Rural","Y",5428,0.0248710390567428,8.59951023390545,0.0245667891205335
"LP001994","Female","No","0","Graduate","No",2400,1863,104,360,0,"Urban","N",4263,0.0243959652826648,8.35796296584568,0.0241031367203506
"LP001996","Male","No","0","Graduate","No",20233,0,480,360,1,"Rural","N",20233,0.0237236198289922,9.91511963676584,0.0234465876763284
"LP001998","Male","Yes","2","Not Graduate","No",7667,0,185,360,NA,"Rural","Y",7667,0.0241293856788835,8.94481110416553,0.0238428718374573
"LP002002","Female","No","0","Graduate","No",2917,0,84,360,1,"Semiurban","Y",2917,0.0287967089475489,7.97865372908273,0.0283898755726457
"LP002004","Male","No","0","Not Graduate","No",2927,2405,111,360,1,"Semiurban","Y",5332,0.0208177044261065,8.5816692106006,0.0206039771356007
"LP002006","Female","No","0","Graduate","No",2507,0,56,360,1,"Rural","Y",2507,0.0223374551256482,7.82724090175281,0.0220916282057777
"LP002008","Male","Yes","2","Graduate","Yes",5746,0,144,84,NA,"Rural","Y",5746,0.02506091193874,8.65643325850774,0.0247520371063975
"LP002024","","Yes","0","Graduate","No",2473,1843,159,360,1,"Rural","N",4316,0.0368396663577386,8.37031599555548,0.0361773043309305
"LP002031","Male","Yes","1","Not Graduate","No",3399,1640,111,180,1,"Urban","Y",5039,0.022028180194483,8.52516136106541,0.0217890649771837
"LP002035","Male","Yes","2","Graduate","No",3717,0,120,360,1,"Semiurban","Y",3717,0.0322841000807102,8.22094116828139,0.0317739199497002
"LP002036","Male","Yes","0","Graduate","No",2058,2134,88,360,NA,"Urban","Y",4192,0.0209923664122137,8.34117174717076,0.0207750625749644
"LP002043","Female","No","1","Graduate","No",3541,0,112,360,NA,"Semiurban","Y",3541,0.0316294831968371,8.17244681834278,0.0311395746833788
"LP002050","Male","Yes","1","Graduate","Yes",10000,0,155,360,1,"Rural","N",10000,0.0155,9.21044036697652,0.0153811020383023
"LP002051","Male","Yes","0","Graduate","No",2400,2167,115,360,1,"Semiurban","Y",4567,0.0251806437486315,8.42683075133585,0.0248688348658571
"LP002053","Male","Yes","3+","Graduate","No",4342,189,124,360,1,"Semiurban","Y",4531,0.0273670271463253,8.4189186221479,0.0269992450440292
"LP002054","Male","Yes","2","Not Graduate","No",3601,1590,NA,360,1,"Rural","Y",5191,NA,8.55487425838393,NA
"LP002055","Female","No","0","Graduate","No",3166,2985,132,360,NA,"Rural","Y",6151,0.0214599252154121,8.72453251118548,0.0212329031945787
"LP002065","Male","Yes","3+","Graduate","No",15000,0,300,360,1,"Rural","Y",15000,0.02,9.61587214452889,0.0198026272961797
"LP002067","Male","Yes","1","Graduate","Yes",8666,4983,376,360,0,"Rural","N",13649,0.0275478057000513,9.52149480061311,0.0271751925347016
"LP002068","Male","No","0","Graduate","No",4917,0,130,360,0,"Rural","Y",4917,0.0264388854992882,8.50065722277614,0.026095418928323
"LP002082","Male","Yes","0","Graduate","Yes",5818,2160,184,360,1,"Semiurban","Y",7978,0.0230634244171472,8.98456836930828,0.0228014835003991
"LP002086","Female","Yes","0","Graduate","No",4333,2451,110,360,1,"Urban","N",6784,0.0162146226415094,8.82246957226897,0.0160845696050717
"LP002087","Female","No","0","Graduate","No",2500,0,67,360,1,"Urban","Y",2500,0.0268,7.82444593087762,0.0264471700148483
"LP002097","Male","No","1","Graduate","No",4384,1793,117,360,1,"Urban","Y",6177,0.0189412336085478,8.72874987347853,0.018764081928453
"LP002098","Male","No","0","Graduate","No",2935,0,98,360,1,"Semiurban","Y",2935,0.0333901192504259,7.98480338973441,0.0328447754263843
"LP002100","Male","No","","Graduate","No",2833,0,71,360,1,"Urban","Y",2833,0.0250617719731733,7.94944442025063,0.0247528761141702
"LP002101","Male","Yes","0","Graduate","",63337,0,490,180,1,"Urban","Y",63337,0.00773639420875633,11.0562407439705,0.00770662176672188
"LP002103","","Yes","1","Graduate","Yes",9833,1833,182,180,1,"Urban","Y",11666,0.0156008914795131,9.36451962282386,0.0154804486340518
"LP002106","Male","Yes","","Graduate","Yes",5503,4490,70,NA,1,"Semiurban","Y",9993,0.00700490343240268,9.20974019190415,0.00698048307154388
"LP002110","Male","Yes","1","Graduate","",5250,688,160,360,1,"Rural","Y",5938,0.0269450993600539,8.68929604801586,0.026588472224495
"LP002112","Male","Yes","2","Graduate","Yes",2500,4600,176,360,1,"Rural","Y",7100,0.0247887323943662,8.86799089818209,0.0244864766086061
"LP002113","Female","No","3+","Not Graduate","No",1830,0,NA,360,0,"Urban","N",1830,NA,7.51261754467451,NA
"LP002114","Female","No","0","Graduate","No",4160,0,71,360,1,"Semiurban","Y",4160,0.0170673076923077,8.33351070898294,0.0169232974647585
"LP002115","Male","Yes","3+","Not Graduate","No",2647,1587,173,360,1,"Rural","N",4234,0.040859707132735,8.35113860708615,0.0400470131471765
"LP002116","Female","No","0","Graduate","No",2378,0,46,360,1,"Rural","N",2378,0.0193439865433137,7.77443551030296,0.0191592699384779
"LP002119","Male","Yes","1","Not Graduate","No",4554,1229,158,360,1,"Urban","Y",5783,0.0273214594501124,8.6628507638386,0.0269548901975232
"LP002126","Male","Yes","3+","Not Graduate","No",3173,0,74,360,1,"Semiurban","Y",3173,0.0233217774976363,8.06274790108635,0.0230539805196504
"LP002128","Male","Yes","2","Graduate","",2583,2330,125,360,1,"Rural","Y",4913,0.0254427030327702,8.49984355308112,0.0251244247439073
"LP002129","Male","Yes","0","Graduate","No",2499,2458,160,360,1,"Semiurban","Y",4957,0.032277587250353,8.50875771259514,0.0317676107845179
"LP002130","Male","Yes","","Not Graduate","No",3523,3230,152,360,0,"Rural","N",6753,0.0225085147341922,8.81789020094551,0.0222589362685506
"LP002131","Male","Yes","2","Not Graduate","No",3083,2168,126,360,1,"Urban","Y",5251,0.023995429442011,8.56636423542269,0.0237120631718188
"LP002137","Male","Yes","0","Graduate","No",6333,4583,259,360,NA,"Semiurban","Y",10916,0.0237266397947966,9.29807648628027,0.0234495376535405
"LP002138","Male","Yes","0","Graduate","No",2625,6250,187,360,1,"Rural","Y",8875,0.0210704225352113,9.09110628405248,0.020851510883467
"LP002139","Male","Yes","0","Graduate","No",9083,0,228,360,1,"Semiurban","Y",9083,0.0251018385995816,9.11426990322545,0.0247919623863162
"LP002140","Male","No","0","Graduate","No",8750,4167,308,360,1,"Rural","N",12917,0.0238445459472014,9.46637696659242,0.0235647044944846
"LP002141","Male","Yes","3+","Graduate","No",2666,2083,95,360,1,"Rural","Y",4749,0.020004211412929,8.46589989702869,0.019806756123861
"LP002142","Female","Yes","0","Graduate","Yes",5500,0,105,360,0,"Rural","N",5500,0.0190909090909091,8.61268517287546,0.018910964285698
"LP002143","Female","Yes","0","Graduate","No",2423,505,130,360,1,"Semiurban","Y",2928,0.0443989071038251,7.98241634682773,0.0434415114078054
"LP002144","Female","No","","Graduate","No",3813,0,116,180,1,"Urban","Y",3813,0.030422239706268,8.24643378616036,0.029968659700896
"LP002149","Male","Yes","2","Graduate","No",8333,3167,165,360,1,"Rural","Y",11500,0.0143478260869565,9.35018926709258,0.0142458701041889
"LP002151","Male","Yes","1","Graduate","No",3875,0,67,360,1,"Urban","N",3875,0.0172903225806452,8.26255897301066,0.0171425459252181
"LP002158","Male","Yes","0","Not Graduate","No",3000,1666,100,480,0,"Urban","N",4666,0.0214316330904415,8.44827174594982,0.0212052050773122
"LP002160","Male","Yes","3+","Graduate","No",5167,3167,200,360,1,"Semiurban","Y",8334,0.0239980801535877,9.02821879518489,0.0237146517655465
"LP002161","Female","No","1","Graduate","No",4723,0,81,360,1,"Semiurban","N",4723,0.017150116451408,8.46041117731725,0.017004713303757
"LP002170","Male","Yes","2","Graduate","No",5000,3667,236,360,1,"Semiurban","Y",8667,0.0272297219337718,9.06739336265625,0.0268655884393262
"LP002175","Male","Yes","0","Graduate","No",4750,2333,130,360,1,"Urban","Y",7083,0.0183538048849358,8.86559399890272,0.01818740675005
"LP002178","Male","Yes","0","Graduate","No",3013,3033,95,300,NA,"Urban","Y",6046,0.0157128680119087,8.70731756027321,0.0155906989899959
"LP002180","Male","No","0","Graduate","Yes",6822,0,141,360,1,"Rural","Y",6822,0.0206684256816183,8.82805453681542,0.0204577319639557
"LP002181","Male","No","0","Not Graduate","No",6216,0,133,360,1,"Rural","N",6216,0.0213963963963964,8.73504275426934,0.0211707071229665
"LP002187","Male","No","0","Graduate","No",2500,0,96,480,1,"Semiurban","N",2500,0.0384,7.82444593087762,0.0376810669676885
"LP002188","Male","No","0","Graduate","No",5124,0,124,NA,0,"Rural","N",5124,0.024199843871975,8.54188580400661,0.0239116676073001
"LP002190","Male","Yes","1","Graduate","No",6325,0,175,360,1,"Semiurban","Y",6325,0.0276679841897233,8.75242340386559,0.0272921422880075
"LP002191","Male","Yes","0","Graduate","No",19730,5266,570,360,1,"Rural","N",24996,0.0228036485837734,10.1265110966498,0.0225475316789947
"LP002194","Female","No","0","Graduate","Yes",15759,0,55,360,1,"Semiurban","Y",15759,0.00349006916682531,9.66523036341187,0.00348399300880112
"LP002197","Male","Yes","2","Graduate","No",5185,0,155,360,1,"Semiurban","Y",5185,0.029893924783028,8.55371796609861,0.0294558112906128
"LP002201","Male","Yes","2","Graduate","Yes",9323,7873,380,300,1,"Rural","Y",17196,0.0220981623633403,9.7524902289842,0.021857536448274
"LP002205","Male","No","1","Graduate","No",3062,1987,111,180,0,"Urban","N",5049,0.0219845513963161,8.52714352226941,0.0217463756166927
"LP002209","Female","No","0","Graduate","",2764,1459,110,360,1,"Urban","Y",4223,0.0260478332938669,8.3485378253861,0.0257143668059658
"LP002211","Male","Yes","0","Graduate","No",4817,923,120,180,1,"Urban","Y",5740,0.0209059233449477,8.65538869016764,0.0206903932574462
"LP002219","Male","Yes","3+","Graduate","No",8750,4996,130,360,1,"Rural","Y",13746,0.00945729666812163,9.52857589747142,0.00941285640808981
"LP002223","Male","Yes","0","Graduate","No",4310,0,130,360,NA,"Semiurban","Y",4310,0.0301624129930394,8.36892517474713,0.029716472328477
"LP002224","Male","No","0","Graduate","No",3069,0,71,480,1,"Urban","N",3069,0.0231345715216683,8.02943284058124,0.0228710242825629
"LP002225","Male","Yes","2","Graduate","No",5391,0,130,360,1,"Urban","Y",5391,0.0241142645149323,8.59267165259214,0.0238281068323759
"LP002226","Male","Yes","0","Graduate","",3333,2500,128,360,1,"Semiurban","Y",5833,0.0219441110920624,8.67145815042767,0.0217068044662889
"LP002229","Male","No","0","Graduate","No",5941,4232,296,360,1,"Semiurban","Y",10173,0.0290966283298929,9.22759072538271,0.0286813575256066
"LP002231","Female","No","0","Graduate","No",6000,0,156,360,1,"Urban","Y",6000,0.026,8.69968140098951,0.0256677467485778
"LP002234","Male","No","0","Graduate","Yes",7167,0,128,360,1,"Urban","Y",7167,0.0178596344356076,8.87738195465477,0.0177020249629668
"LP002236","Male","Yes","2","Graduate","No",4566,0,100,360,1,"Urban","N",4566,0.0219010074463425,8.426611813185,0.0216646254916344
"LP002237","Male","No","1","Graduate","",3667,0,113,180,1,"Urban","Y",3667,0.0308153804199618,8.20740183337636,0.0303501205423074
"LP002239","Male","No","0","Not Graduate","No",2346,1600,132,360,1,"Semiurban","Y",3946,0.0334515965534719,8.28071107566285,0.0329042645518398
"LP002243","Male","Yes","0","Not Graduate","No",3010,3136,NA,360,0,"Urban","N",6146,NA,8.72371943690701,NA
"LP002244","Male","Yes","0","Graduate","No",2333,2417,136,360,1,"Urban","Y",4750,0.0286315789473684,8.46611040118692,0.0282293547889989
"LP002250","Male","Yes","0","Graduate","No",5488,0,125,360,1,"Rural","Y",5488,0.0227769679300292,8.61050136854989,0.0225214455364782
"LP002255","Male","No","3+","Graduate","No",9167,0,185,360,1,"Rural","Y",9167,0.0201810843242064,9.12347443895452,0.0199801451901287
"LP002262","Male","Yes","3+","Graduate","No",9504,0,275,360,1,"Rural","Y",9504,0.0289351851851852,9.15957325492253,0.028524466709849
"LP002263","Male","Yes","0","Graduate","No",2583,2115,120,360,NA,"Urban","Y",4698,0.0255427841634738,8.45510499910282,0.0252220179559586
"LP002265","Male","Yes","2","Not Graduate","No",1993,1625,113,180,1,"Semiurban","Y",3618,0.031232725262576,8.19395302356374,0.0307549072659174
"LP002266","Male","Yes","2","Graduate","No",3100,1400,113,360,1,"Urban","Y",4500,0.0251111111111111,8.41205487329293,0.0248010077994094
"LP002272","Male","Yes","2","Graduate","No",3276,484,135,360,NA,"Semiurban","Y",3760,0.0359042553191489,8.23244015847034,0.0352747219209084
"LP002277","Female","No","0","Graduate","No",3180,0,71,360,0,"Urban","N",3180,0.0223270440251572,8.06495089174914,0.0220814445296828
"LP002281","Male","Yes","0","Graduate","No",3033,1459,95,360,1,"Urban","Y",4492,0.0211487088156723,8.41027590907016,0.0209281787388382
"LP002284","Male","No","0","Not Graduate","No",3902,1666,109,360,1,"Rural","Y",5568,0.0195761494252874,8.62497078358967,0.0193870011564706
"LP002287","Female","No","0","Graduate","No",1500,1800,103,360,0,"Semiurban","N",3300,0.0312121212121212,8.10198073185319,0.0307349270463341
"LP002288","Male","Yes","2","Not Graduate","No",2889,0,45,180,0,"Urban","N",2889,0.0155763239875389,7.96901178110648,0.0154562582366918
"LP002296","Male","No","0","Not Graduate","No",2755,0,65,300,1,"Rural","N",2755,0.0235934664246824,7.92153563213355,0.0233194423451444
"LP002297","Male","No","0","Graduate","No",2500,20000,103,360,1,"Semiurban","Y",22500,0.00457777777777778,10.0213150316493,0.00456733162107702
"LP002300","Female","No","0","Not Graduate","No",1963,0,53,360,1,"Semiurban","Y",1963,0.0269994905756495,7.58273848891441,0.0266414349147982
"LP002301","Female","No","0","Graduate","Yes",7441,0,194,360,1,"Rural","N",7441,0.0260717645477758,8.91489490890657,0.0257376902554716
"LP002305","Female","No","0","Graduate","No",4547,0,115,360,1,"Semiurban","Y",4547,0.0252914009236859,8.42244285487043,0.0249768657706919
"LP002308","Male","Yes","0","Not Graduate","No",2167,2400,115,360,1,"Urban","Y",4567,0.0251806437486315,8.42683075133585,0.0248688348658571
"LP002314","Female","No","0","Not Graduate","No",2213,0,66,360,1,"Rural","Y",2213,0.0298237686398554,7.70255611326858,0.0293876891946346
"LP002315","Male","Yes","1","Graduate","No",8300,0,152,300,0,"Semiurban","N",8300,0.0183132530120482,9.02413126845503,0.018147584951258
"LP002317","Male","Yes","3+","Graduate","No",81000,0,360,360,0,"Rural","N",81000,0.00444444444444444,11.3022167792574,0.00443459706786575
"LP002318","Female","No","1","Not Graduate","Yes",3867,0,62,360,1,"Semiurban","N",3867,0.0160331005947763,8.26049285657318,0.0159059279511627
"LP002319","Male","Yes","0","Graduate","",6256,0,160,360,NA,"Urban","Y",6256,0.0255754475703325,8.74145611599836,0.0252538673212034
"LP002328","Male","Yes","0","Not Graduate","No",6096,0,218,360,0,"Rural","N",6096,0.035761154855643,8.71555212590782,0.0351365717514548
"LP002332","Male","Yes","0","Not Graduate","No",2253,2033,110,360,1,"Rural","Y",4286,0.025664955669622,8.36334246659798,0.0253411394899897
"LP002335","Female","Yes","0","Not Graduate","No",2149,3237,178,360,0,"Semiurban","N",5386,0.0330486446342369,8.59174392268053,0.0325142796717893
"LP002337","Female","No","0","Graduate","No",2995,0,60,360,1,"Urban","Y",2995,0.0200333889816361,8.00503334463711,0.019835361056146
"LP002341","Female","No","1","Graduate","No",2600,0,160,360,1,"Urban","N",2600,0.0615384615384615,7.86365126544865,0.0597192347016223
"LP002342","Male","Yes","2","Graduate","Yes",1600,20000,239,360,1,"Urban","N",21600,0.0110648148148148,9.98049488889691,0.0110040475925158
"LP002345","Male","Yes","0","Graduate","No",1025,2773,112,360,1,"Rural","Y",3798,0.0294892048446551,8.24249315318763,0.0290627616071803
"LP002347","Male","Yes","0","Graduate","No",3246,1417,138,360,1,"Semiurban","Y",4663,0.0295946815354922,8.44762872803033,0.0291652117226195
"LP002348","Male","Yes","0","Graduate","No",5829,0,138,360,1,"Rural","Y",5829,0.0236747297992795,8.67077227934454,0.0233988294765321
"LP002357","Female","No","0","Not Graduate","No",2720,0,80,NA,0,"Urban","N",2720,0.0294117647058824,7.90875473878325,0.0289875368732523
"LP002361","Male","Yes","0","Graduate","No",1820,1719,100,360,1,"Urban","Y",3539,0.0282565696524442,8.17188200612782,0.0278647172666964
"LP002362","Male","Yes","1","Graduate","No",7250,1667,110,NA,0,"Urban","N",8917,0.0123359874397219,9.09582698518742,0.0122605191632755
"LP002364","Male","Yes","0","Graduate","No",14880,0,96,360,1,"Semiurban","Y",14880,0.00645161290322581,9.60784051043005,0.00643089033029043
"LP002366","Male","Yes","0","Graduate","No",2666,4300,121,360,1,"Rural","Y",6966,0.0173700832615561,8.84893999503012,0.0172209478843095
"LP002367","Female","No","1","Not Graduate","No",4606,0,81,360,1,"Rural","N",4606,0.0175857577073383,8.43533216493592,0.0174329175420756
"LP002368","Male","Yes","2","Graduate","No",5935,0,133,360,1,"Semiurban","Y",5935,0.0224094355518113,8.68879078484722,0.0221620334246545
"LP002369","Male","Yes","0","Graduate","No",2920,16.12000084,87,360,1,"Rural","Y",2936.12000084,0.0296309415061748,7.98518478866833,0.0292004288161528
"LP002370","Male","No","0","Not Graduate","No",2717,0,60,180,1,"Urban","Y",2717,0.0220831799779168,7.90765159471109,0.0218428778804518
"LP002377","Female","No","1","Graduate","Yes",8624,0,150,360,1,"Semiurban","Y",8624,0.0173933209647495,9.06242024189956,0.0172437885773809
"LP002379","Male","No","0","Graduate","No",6500,0,105,360,0,"Rural","N",6500,0.0161538461538462,8.77971129020447,0.0160247610726972
"LP002386","Male","No","0","Graduate","",12876,0,405,360,1,"Semiurban","Y",12876,0.0314538676607642,9.46319805327378,0.0309693289815519
"LP002387","Male","Yes","0","Graduate","No",2425,2340,143,360,1,"Semiurban","Y",4765,0.0300104931794334,8.46926265765869,0.0295689897424996
"LP002390","Male","No","0","Graduate","No",3750,0,100,360,1,"Urban","Y",3750,0.0266666666666667,8.22977775008189,0.0263173083173734
"LP002393","Female","","","Graduate","No",10047,0,NA,240,1,"Semiurban","Y",10047,NA,9.21512888870798,NA
"LP002398","Male","No","0","Graduate","No",1926,1851,50,360,1,"Semiurban","Y",3777,0.013238019592269,8.23695004806146,0.0131511627132454
"LP002401","Male","Yes","0","Graduate","No",2213,1125,NA,360,1,"Urban","Y",3338,NA,8.11342663994365,NA
"LP002403","Male","No","0","Graduate","Yes",10416,0,187,360,0,"Urban","N",10416,0.0179531490015361,9.25119436598445,0.0177938944774477
"LP002407","Female","Yes","0","Not Graduate","Yes",7142,0,138,360,1,"Rural","Y",7142,0.0193223186782414,8.87388813515497,0.0191380130363379
"LP002408","Male","No","0","Graduate","No",3660,5064,187,360,1,"Semiurban","Y",8724,0.0214351215038973,9.07394774707063,0.0212086202912001
"LP002409","Male","Yes","0","Graduate","No",7901,1833,180,360,1,"Rural","Y",9734,0.0184918841175262,9.1834829178063,0.0183229881871196
"LP002418","Male","No","3+","Not Graduate","No",4707,1993,148,360,1,"Semiurban","Y",6700,0.022089552238806,8.81001204797317,0.0218491124425206
"LP002422","Male","No","1","Graduate","No",37719,0,152,360,1,"Semiurban","Y",37719,0.00402979930538986,10.5379457367474,0.00402170141213529
"LP002424","Male","Yes","0","Graduate","No",7333,8333,175,300,NA,"Rural","Y",15666,0.0111706881143878,9.65931186839349,0.0111087567616668
"LP002429","Male","Yes","1","Graduate","Yes",3466,1210,130,360,1,"Rural","Y",4676,0.0278015397775877,8.45041215772589,0.0274220937044552
"LP002434","Male","Yes","2","Not Graduate","No",4652,0,110,360,1,"Rural","Y",4652,0.0236457437661221,8.44526745184465,0.023370513408253
"LP002435","Male","Yes","0","Graduate","",3539,1376,55,360,1,"Rural","N",4915,0.0111902339776195,8.50025047068593,0.0111280865094075
"LP002443","Male","Yes","2","Graduate","No",3340,1710,150,360,0,"Rural","N",5050,0.0297029702970297,8.52734152246805,0.0292703823001132
"LP002444","Male","No","1","Not Graduate","Yes",2769,1542,190,360,NA,"Semiurban","N",4311,0.0440733008582695,8.36915711258883,0.0431296985457981
"LP002446","Male","Yes","2","Not Graduate","No",2309,1255,125,360,0,"Rural","N",3564,0.0350729517396184,8.1789193328484,0.0344719090059757
"LP002447","Male","Yes","2","Not Graduate","No",1958,1456,60,300,NA,"Urban","Y",3414,0.0175746924428823,8.13593277200489,0.0174220434466643
"LP002448","Male","Yes","0","Graduate","No",3948,1733,149,360,0,"Rural","N",5681,0.0262277767998592,8.64505856241413,0.0258897267874112
"LP002449","Male","Yes","0","Graduate","No",2483,2466,90,180,0,"Rural","Y",4949,0.0181854920185896,8.50714285556274,0.018022113728712
"LP002453","Male","No","0","Graduate","Yes",7085,0,84,360,1,"Semiurban","Y",7085,0.0118560338743825,8.86587628542542,0.0117863017280914
"LP002455","Male","Yes","2","Graduate","No",3859,0,96,360,1,"Semiurban","Y",3859,0.0248769111168697,8.25842246245888,0.0245725186641355
"LP002459","Male","Yes","0","Graduate","No",4301,0,118,360,1,"Urban","Y",4301,0.0274354801209021,8.36683530982767,0.0270658723470036
"LP002467","Male","Yes","0","Graduate","No",3708,2569,173,360,1,"Urban","N",6277,0.0275609367532261,8.7448067374019,0.0271879714722864
"LP002472","Male","No","2","Graduate","No",4354,0,136,360,1,"Rural","Y",4354,0.0312356453835554,8.3790798892866,0.0307577389418072
"LP002473","Male","Yes","0","Graduate","No",8334,0,160,360,1,"Semiurban","N",8334,0.0191984641228702,9.02821879518489,0.0190164988908177
"LP002478","","Yes","0","Graduate","Yes",2083,4083,160,360,NA,"Semiurban","Y",6166,0.0259487512163477,8.72696777499149,0.0256177954194985
"LP002484","Male","Yes","3+","Graduate","No",7740,0,128,180,1,"Urban","Y",7740,0.0165374677002584,8.95428615720471,0.0164022129251769
"LP002487","Male","Yes","0","Graduate","No",3015,2188,153,360,1,"Rural","Y",5203,0.0294061118585431,8.5571828396324,0.0289820455207596
"LP002489","Female","No","1","Not Graduate","",5191,0,132,360,1,"Semiurban","Y",5191,0.0254286264688885,8.55487425838393,0.0251106973455284
"LP002493","Male","No","0","Graduate","No",4166,0,98,360,0,"Semiurban","N",4166,0.0235237638022084,8.33495163142245,0.0232513440247632
"LP002494","Male","No","0","Graduate","No",6000,0,140,360,1,"Rural","Y",6000,0.0233333333333333,8.69968140098951,0.0230652729309961
"LP002500","Male","Yes","3+","Not Graduate","No",2947,1664,70,180,0,"Urban","N",4611,0.0151810887009326,8.43641688138895,0.015067009093365
"LP002501","","Yes","0","Graduate","No",16692,0,110,360,1,"Semiurban","Y",16692,0.00658998322549724,9.72274474885539,0.00656836421334924
"LP002502","Female","Yes","2","Not Graduate","",210,2917,98,360,1,"Semiurban","Y",3127,0.0313399424368404,8.0481491016652,0.0308588717720316
"LP002505","Male","Yes","0","Graduate","No",4333,2451,110,360,1,"Urban","N",6784,0.0162146226415094,8.82246957226897,0.0160845696050717
"LP002515","Male","Yes","1","Graduate","Yes",3450,2079,162,360,1,"Semiurban","Y",5529,0.0293000542593597,8.61794309451638,0.0288790122651909
"LP002517","Male","Yes","1","Not Graduate","No",2653,1500,113,180,0,"Rural","N",4153,0.0272092463279557,8.33182700443606,0.0268456554005423
"LP002519","Male","Yes","3+","Graduate","No",4691,0,100,360,1,"Semiurban","Y",4691,0.0213174163291409,8.45361420977337,0.0210933785546641
"LP002522","Female","No","0","Graduate","Yes",2500,0,93,360,NA,"Urban","Y",2500,0.0372,7.82444593087762,0.0365247746823723
"LP002524","Male","No","2","Graduate","No",5532,4648,162,360,1,"Rural","Y",10180,0.0159135559921415,9.2282785171072,0.0157882628516531
"LP002527","Male","Yes","2","Graduate","Yes",16525,1014,150,360,1,"Rural","Y",17539,0.00855236900621472,9.77223926592617,0.00851600468536969
"LP002529","Male","Yes","2","Graduate","No",6700,1750,230,300,1,"Semiurban","Y",8450,0.0272189349112426,9.04204005654448,0.0268550873031763
"LP002530","","Yes","2","Graduate","No",2873,1872,132,360,0,"Semiurban","N",4745,0.0278187565858799,8.46505743699571,0.0274388446660244
"LP002531","Male","Yes","1","Graduate","Yes",16667,2250,86,360,1,"Semiurban","Y",18917,0.00454617539779035,9.84786912877312,0.00453587275569434
"LP002533","Male","Yes","2","Graduate","No",2947,1603,NA,360,1,"Urban","N",4550,NA,8.42310226801664,NA
"LP002534","Female","No","0","Not Graduate","No",4350,0,154,360,1,"Rural","Y",4350,0.0354022988505747,8.37816098272068,0.0347900457367965
"LP002536","Male","Yes","3+","Not Graduate","No",3095,0,113,360,1,"Rural","Y",3095,0.0365105008077544,8.03786623470962,0.0358597838677086
"LP002537","Male","Yes","0","Graduate","No",2083,3150,128,360,1,"Semiurban","Y",5233,0.0244601566978788,8.56293108309009,0.0241657974553299
"LP002541","Male","Yes","0","Graduate","No",10833,0,234,360,1,"Semiurban","Y",10833,0.0216006646358349,9.29044461621784,0.0213706763192179
"LP002543","Male","Yes","2","Graduate","No",8333,0,246,360,1,"Semiurban","Y",8333,0.0295211808472339,9.0280988119824,0.0290938211907585
"LP002544","Male","Yes","1","Not Graduate","No",1958,2436,131,360,1,"Rural","Y",4394,0.0298133818843878,8.38822281011928,0.029377603189471
"LP002545","Male","No","2","Graduate","No",3547,0,80,360,0,"Rural","N",3547,0.0225542712151114,8.17413934342947,0.0223036845092805
"LP002547","Male","Yes","1","Graduate","No",18333,0,500,360,1,"Urban","N",18333,0.0272732231495118,9.81651253852172,0.026907935631722
"LP002555","Male","Yes","2","Graduate","Yes",4583,2083,160,360,1,"Semiurban","Y",6666,0.024002400240024,8.80492526261806,0.0237188705989674
"LP002556","Male","No","0","Graduate","No",2435,0,75,360,1,"Urban","N",2435,0.0308008213552361,7.79811262882979,0.0303359966091394
"LP002560","Male","No","0","Not Graduate","No",2699,2785,96,360,NA,"Semiurban","Y",5484,0.0175054704595186,8.60977237270933,0.0173540146931516
"LP002562","Male","Yes","1","Not Graduate","No",5333,1131,186,360,NA,"Urban","Y",6464,0.0287747524752475,8.77415829120596,0.0283685334489685
"LP002571","Male","No","0","Not Graduate","No",3691,0,110,360,1,"Rural","Y",3691,0.0298022216201571,8.21392359562274,0.0293667659592502
"LP002582","Female","No","0","Not Graduate","Yes",17263,0,225,360,1,"Semiurban","Y",17263,0.0130336557956323,9.75637868749792,0.0129494485997709
"LP002585","Male","Yes","0","Graduate","No",3597,2157,119,360,0,"Rural","N",5754,0.0206812652068127,8.65782432115598,0.0204703114110263
"LP002586","Female","Yes","1","Graduate","No",3326,913,105,84,1,"Semiurban","Y",4239,0.0247699929228592,8.352318548226,0.0244681902611342
"LP002587","Male","Yes","0","Not Graduate","No",2600,1700,107,360,1,"Rural","Y",4300,0.0248837209302326,8.36660283278374,0.0245791631603332
"LP002588","Male","Yes","0","Graduate","No",4625,2857,111,12,NA,"Urban","Y",7482,0.0148356054530874,8.92038906008036,0.0147266343051423
"LP002600","Male","Yes","1","Graduate","Yes",2895,0,95,360,1,"Semiurban","Y",2895,0.0328151986183074,7.97108575350561,0.0322882763776365
"LP002602","Male","No","0","Graduate","No",6283,4416,209,360,0,"Rural","N",10699,0.0195345359379381,9.27799902045,0.0193461858268726
"LP002603","Female","No","0","Graduate","No",645,3683,113,480,1,"Rural","Y",4328,0.0261090573012939,8.37309184744198,0.0257740347657848
"LP002606","Female","No","0","Graduate","No",3159,0,100,360,1,"Semiurban","Y",3159,0.0316555872111428,8.05832730658096,0.0311648780354764
"LP002615","Male","Yes","2","Graduate","No",4865,5624,208,360,1,"Semiurban","Y",10489,0.0198302984078558,9.25817770139034,0.0196362393445269
"LP002618","Male","Yes","1","Not Graduate","No",4050,5302,138,360,NA,"Rural","N",9352,0.0147562018819504,9.14345242643455,0.0146483884520692
"LP002619","Male","Yes","0","Not Graduate","No",3814,1483,124,300,1,"Semiurban","Y",5297,0.0234094770624882,8.57508466983201,0.0231396777158115
"LP002622","Male","Yes","2","Graduate","No",3510,4416,243,360,1,"Rural","Y",7926,0.0306585919757759,8.97802993283716,0.030198007591489
"LP002624","Male","Yes","0","Graduate","No",20833,6667,480,360,NA,"Urban","Y",27500,0.0174545454545455,10.2219776466299,0.0173039645648095
"LP002625","","No","0","Graduate","No",3583,0,96,360,1,"Urban","N",3583,0.026793190064192,8.18423477409482,0.0264405377998206
"LP002626","Male","Yes","0","Graduate","Yes",2479,3013,188,360,1,"Urban","Y",5492,0.034231609613984,8.61122983334262,0.0336587448273354
"LP002634","Female","No","1","Graduate","No",13262,0,40,360,1,"Urban","Y",13262,0.00301613632936209,9.49273348249435,0.00301159691555353
"LP002637","Male","No","0","Not Graduate","No",3598,1287,100,360,1,"Rural","N",4885,0.0204708290685773,8.49412925181769,0.0202641179190556
"LP002640","Male","Yes","1","Graduate","No",6065,2004,250,360,1,"Semiurban","Y",8069,0.0309827735778907,8.99590876126399,0.0305124964353812
"LP002643","Male","Yes","2","Graduate","No",3283,2035,148,360,1,"Urban","Y",5318,0.027830011282437,8.57904059474232,0.0274497946850482
"LP002648","Male","Yes","0","Graduate","No",2130,6666,70,180,1,"Semiurban","N",8796,0.00795816280127331,9.08216603325267,0.00792666363034703
"LP002652","Male","No","0","Graduate","No",5815,3666,311,360,1,"Rural","N",9481,0.0328024469992617,9.15715054346206,0.0322759298341482
"LP002659","Male","Yes","3+","Graduate","No",3466,3428,150,360,1,"Rural","Y",6894,0.0217580504786771,8.8385517902274,0.0215247225392861
"LP002670","Female","Yes","2","Graduate","No",2031,1632,113,480,1,"Semiurban","Y",3663,0.0308490308490308,8.20631072579402,0.0303827644865769
"LP002682","Male","Yes","","Not Graduate","No",3074,1800,123,360,0,"Semiurban","N",4874,0.0252359458350431,8.49187538343195,0.0249227771590535
"LP002683","Male","No","0","Graduate","No",4683,1915,185,360,1,"Semiurban","N",6598,0.0280387996362534,8.79467340138342,0.0276529091575528
"LP002684","Female","No","0","Not Graduate","No",3400,0,95,360,1,"Rural","N",3400,0.0279411764705882,8.1318247850072,0.0275579440636579
"LP002689","Male","Yes","2","Not Graduate","No",2192,1742,45,360,1,"Semiurban","Y",3934,0.0114387391967463,8.2776661608515,0.0113738114779243
"LP002690","Male","No","0","Graduate","No",2500,0,55,360,1,"Semiurban","Y",2500,0.022,7.82444593087762,0.0217614917815127
"LP002692","Male","Yes","3+","Graduate","Yes",5677,1424,100,360,1,"Rural","Y",7101,0.014082523588227,8.86813171350303,0.0139842860667732
"LP002693","Male","Yes","2","Graduate","Yes",7948,7166,480,360,1,"Rural","Y",15114,0.0317586343787217,9.62344290721356,0.0312647582888801
"LP002697","Male","No","0","Graduate","No",4680,2087,NA,360,1,"Semiurban","N",6767,NA,8.81996090128606,NA
"LP002699","Male","Yes","2","Graduate","Yes",17500,0,400,360,1,"Rural","Y",17500,0.0228571428571429,9.77001330113616,0.0225998319172409
"LP002705","Male","Yes","0","Graduate","No",3775,0,110,360,1,"Semiurban","Y",3775,0.0291390728476821,8.23642052726539,0.0287226011186227
"LP002706","Male","Yes","1","Not Graduate","No",5285,1430,161,360,0,"Semiurban","Y",6715,0.02397617274758,8.81224801819743,0.0236932575454019
"LP002714","Male","No","1","Not Graduate","No",2679,1302,94,360,1,"Semiurban","Y",3981,0.0236121577493092,8.28953948462414,0.0233377026746459
"LP002716","Male","No","0","Not Graduate","No",6783,0,130,360,1,"Semiurban","Y",6783,0.0191655609612266,8.82232217747174,0.0189842149991855
"LP002717","Male","Yes","0","Graduate","No",1025,5500,216,360,NA,"Rural","Y",6525,0.0331034482758621,8.78354947715327,0.0325673286625447
"LP002720","Male","Yes","3+","Graduate","No",4281,0,100,360,1,"Urban","Y",4281,0.0233590282644242,8.36217546914963,0.0230903816689524
"LP002723","Male","No","2","Graduate","No",3588,0,110,360,0,"Rural","N",3588,0.0306577480490524,8.18562889114761,0.0301971887683834
"LP002729","Male","No","1","Graduate","No",11250,0,196,360,NA,"Semiurban","N",11250,0.0174222222222222,9.32821229257107,0.0172721953364814
"LP002731","Female","No","0","Not Graduate","Yes",18165,0,125,360,1,"Urban","Y",18165,0.00688136526286815,9.80730699406216,0.00685779672960906
"LP002732","Male","No","0","Not Graduate","",2550,2042,126,360,1,"Rural","Y",4592,0.0274390243902439,8.43228868432579,0.027069321968218
"LP002734","Male","Yes","0","Graduate","No",6133,3906,324,360,1,"Urban","Y",10039,0.0322741308895308,9.21433239324572,0.0317642624926908
"LP002738","Male","No","2","Graduate","No",3617,0,107,360,1,"Semiurban","Y",3617,0.0295825269560409,8.19367666595524,0.0291534064448597
"LP002739","Male","Yes","0","Not Graduate","No",2917,536,66,360,1,"Rural","N",3453,0.0191138140747176,8.14728825870662,0.0189334399315928
"LP002740","Male","Yes","3+","Graduate","No",6417,0,157,180,1,"Rural","Y",6417,0.0244662614929095,8.7668618216698,0.0241717564736494
"LP002741","Female","Yes","1","Graduate","No",4608,2845,140,180,1,"Semiurban","Y",7453,0.0187843821280021,8.9165060800392,0.0186101343315399
"LP002743","Female","No","0","Graduate","No",2138,0,99,360,0,"Semiurban","N",2138,0.0463049579045837,7.66809370908241,0.0452648699051391
"LP002753","Female","No","1","Graduate","",3652,0,95,360,1,"Semiurban","Y",3652,0.026013143483023,8.20330402679528,0.0256805570788283
"LP002755","Male","Yes","1","Not Graduate","No",2239,2524,128,360,1,"Urban","Y",4763,0.026873819021625,8.46884293047519,0.0265190597384968
"LP002757","Female","Yes","0","Not Graduate","No",3017,663,102,360,NA,"Semiurban","Y",3680,0.0277173913043478,8.21093973337902,0.0273402180554262
"LP002767","Male","Yes","0","Graduate","No",2768,1950,155,360,1,"Rural","Y",4718,0.0328529037727851,8.45935219172639,0.0323247828758858
"LP002768","Male","No","0","Not Graduate","No",3358,0,80,36,1,"Semiurban","N",3358,0.0238237045860631,8.11939858961229,0.0235443483053084
"LP002772","Male","No","0","Graduate","No",2526,1783,145,360,1,"Rural","Y",4309,0.0336504989556742,8.36869318309779,0.0330967102014749
"LP002776","Female","No","0","Graduate","No",5000,0,103,360,0,"Semiurban","N",5000,0.0206,8.5173931714189,0.020390689647734
"LP002777","Male","Yes","0","Graduate","No",2785,2016,110,360,1,"Rural","Y",4801,0.0229118933555509,8.4767877767812,0.0226533575083042
"LP002778","Male","Yes","2","Graduate","Yes",6633,0,NA,360,0,"Rural","N",6633,NA,8.799963219507,NA
"LP002784","Male","Yes","1","Not Graduate","No",2492,2375,NA,360,1,"Rural","Y",4867,NA,8.49043845410742,NA
"LP002785","Male","Yes","1","Graduate","No",3333,3250,158,360,1,"Urban","Y",6583,0.0240012152514051,8.79239774235691,0.0237177133855622
"LP002788","Male","Yes","0","Not Graduate","No",2454,2333,181,360,0,"Urban","N",4787,0.0378107374138291,8.47386806667786,0.0371134342208057
"LP002789","Male","Yes","0","Graduate","No",3593,4266,132,180,0,"Rural","N",7859,0.0167960300292658,8.96954188542325,0.0166565365082879
"LP002792","Male","Yes","1","Graduate","No",5468,1032,26,360,1,"Semiurban","Y",6500,0.004,8.77971129020447,0.00399202126953745
"LP002794","Female","No","0","Graduate","No",2667,1625,84,360,NA,"Urban","Y",4292,0.0195712954333644,8.36474106822456,0.019382240351228
"LP002795","Male","Yes","3+","Graduate","Yes",10139,0,260,360,1,"Semiurban","Y",10139,0.0256435545911826,9.22424327714517,0.025320273707653
"LP002798","Male","Yes","0","Graduate","No",3887,2669,162,360,1,"Semiurban","Y",6556,0.0247101891397193,8.78828846026362,0.0244098303085177
"LP002804","Female","Yes","0","Graduate","No",4180,2306,182,360,1,"Semiurban","Y",6486,0.0280604378661733,8.77755545321306,0.0276739570034213
"LP002807","Male","Yes","2","Not Graduate","No",3675,242,108,360,1,"Semiurban","Y",3917,0.0275721215215726,8.27333659850449,0.0271988561868324
"LP002813","Female","Yes","1","Graduate","Yes",19484,0,600,360,1,"Semiurban","Y",19484,0.0307944980496818,9.87740021777281,0.0303298622281628
"LP002820","Male","Yes","0","Graduate","No",5923,2054,211,360,1,"Rural","Y",7977,0.0264510467594334,8.98444303246535,0.0261072668700506
"LP002821","Male","No","0","Not Graduate","Yes",5800,0,132,360,1,"Semiurban","Y",5800,0.0227586206896552,8.66578559546606,0.022503506723312
"LP002832","Male","Yes","2","Graduate","No",8799,0,258,360,0,"Urban","N",8799,0.0293215138083873,9.0825070004663,0.0288998607293878
"LP002833","Male","Yes","0","Not Graduate","No",4467,0,120,360,NA,"Rural","Y",4467,0.0268636668905306,8.40469616018909,0.0265091732450533
"LP002836","Male","No","0","Graduate","No",3333,0,70,360,1,"Urban","Y",3333,0.021002100210021,8.11192806331074,0.020784596193166
"LP002837","Male","Yes","3+","Graduate","No",3400,2500,123,360,0,"Rural","N",5900,0.0208474576271186,8.68287710705717,0.0206331231499103
"LP002840","Female","No","0","Graduate","No",2378,0,9,360,1,"Urban","N",2378,0.00378469301934399,7.77443551030296,0.00377754908810295
"LP002841","Male","Yes","0","Graduate","No",3166,2064,104,360,0,"Urban","N",5230,0.0198852772466539,8.56235774337061,0.019690147682991
"LP002842","Male","Yes","1","Graduate","No",3417,1750,186,360,1,"Urban","Y",5167,0.0359976775691891,8.55024104546244,0.0353649021061967
"LP002847","Male","Yes","","Graduate","No",5116,1451,165,360,0,"Urban","N",6567,0.0251256281407035,8.78996465113226,0.024815169119724
"LP002855","Male","Yes","2","Graduate","No",16666,0,275,360,1,"Urban","Y",16666,0.0165006600264011,9.72118599554218,0.0163660033987943
"LP002862","Male","Yes","2","Not Graduate","No",6125,1625,187,480,1,"Semiurban","N",7750,0.0241290322580645,8.95557714628151,0.0238425267434829
"LP002863","Male","Yes","3+","Graduate","No",6406,0,150,360,1,"Semiurban","N",6406,0.0234155479238214,8.76514642163902,0.0231456096946169
"LP002868","Male","Yes","2","Graduate","No",3159,461,108,84,1,"Urban","Y",3620,0.0298342541436464,8.19450550976564,0.0293978709856651
"LP002872","","Yes","0","Graduate","No",3087,2210,136,360,0,"Semiurban","N",5297,0.0256749103266,8.57508466983201,0.0253508450069964
"LP002874","Male","No","0","Graduate","No",3229,2739,110,360,1,"Urban","Y",5968,0.0184316353887399,8.69433468816865,0.0182638315931416
"LP002877","Male","Yes","1","Graduate","No",1782,2232,107,360,1,"Rural","Y",4014,0.0266567015445939,8.29779262638086,0.0263076019825339
"LP002888","Male","No","0","Graduate","",3182,2917,161,360,1,"Urban","Y",6099,0.0263977701262502,8.7160440501614,0.0260553617976879
"LP002892","Male","Yes","2","Graduate","No",6540,0,205,360,1,"Semiurban","Y",6540,0.0313455657492355,8.78584533796121,0.0308643241906119
"LP002893","Male","No","0","Graduate","No",1836,33837,90,360,1,"Urban","N",35673,0.00252291649146413,10.4821774111182,0.00251973928042276
"LP002894","Female","Yes","0","Graduate","No",3166,0,36,360,1,"Semiurban","Y",3166,0.0113708149084018,8.06054004653864,0.0113066531157025
"LP002898","Male","Yes","1","Graduate","No",1880,0,61,360,NA,"Rural","N",1880,0.0324468085106383,7.53955882930103,0.0319315273450154
"LP002911","Male","Yes","1","Graduate","No",2787,1917,146,360,0,"Rural","N",4704,0.0310374149659864,8.45638105201948,0.030565494353066
"LP002912","Male","Yes","1","Graduate","No",4283,3000,172,84,1,"Rural","N",7283,0.0236166414938899,8.8934354408475,0.0233420829809236
"LP002916","Male","Yes","0","Graduate","No",2297,1522,104,360,1,"Urban","Y",3819,0.0272322597538623,8.24800570160062,0.0268680589840364
"LP002917","Female","No","0","Not Graduate","No",2165,0,70,360,1,"Semiurban","Y",2165,0.0323325635103926,7.68063742756094,0.031820866611079
"LP002925","","No","0","Graduate","No",4750,0,94,360,1,"Semiurban","Y",4750,0.0197894736842105,8.46611040118692,0.019596207644296
"LP002926","Male","Yes","2","Graduate","Yes",2726,0,106,360,0,"Semiurban","N",2726,0.0388848129126926,7.91095738284559,0.0381478425571325
"LP002928","Male","Yes","0","Graduate","No",3000,3416,56,180,1,"Semiurban","Y",6416,0.00872817955112219,8.76670599775052,0.00869030919197719
"LP002931","Male","Yes","2","Graduate","Yes",6000,0,205,240,1,"Semiurban","N",6000,0.0341666666666667,8.69968140098951,0.0335959494285155
"LP002933","","No","3+","Graduate","Yes",9357,0,292,360,1,"Semiurban","Y",9357,0.0312065833066154,9.14398687142616,0.0307295567444709
"LP002936","Male","Yes","0","Graduate","No",3859,3300,142,180,1,"Rural","Y",7159,0.0198351725101271,8.87626525995469,0.0196410186599007
"LP002938","Male","Yes","0","Graduate","Yes",16120,0,260,360,1,"Urban","Y",16120,0.0161290322580645,9.687878048876,0.0160003413464411
"LP002940","Male","No","0","Not Graduate","No",3833,0,110,360,1,"Rural","Y",3833,0.0286981476650143,8.25166392360559,0.0282940684970721
"LP002941","Male","Yes","2","Not Graduate","Yes",6383,1000,187,360,1,"Rural","N",7383,0.0253284572666938,8.90707077618269,0.0250130073723289
"LP002943","Male","No","","Graduate","No",2987,0,88,360,0,"Semiurban","N",2987,0.0294609976565115,8.00235954625271,0.0290353620245084
"LP002945","Male","Yes","0","Graduate","Yes",9963,0,180,360,1,"Rural","Y",9963,0.01806684733514,9.20673387638207,0.0179055813311394
"LP002948","Male","Yes","2","Graduate","No",5780,0,192,360,1,"Urban","Y",5780,0.0332179930795848,8.66233195708248,0.0326781969926579
"LP002949","Female","No","3+","Graduate","",416,41667,350,180,NA,"Urban","N",42083,0.00831689755958463,10.6474228999282,0.00828250274094181
"LP002950","Male","Yes","0","Not Graduate","",2894,2792,155,360,1,"Rural","Y",5686,0.0272599366865987,8.6459381473068,0.0268950018293643
"LP002953","Male","Yes","3+","Graduate","No",5703,0,128,360,1,"Urban","Y",5703,0.0224443275469051,8.64892296209413,0.0221961600656171
"LP002958","Male","No","0","Graduate","No",3676,4301,172,360,1,"Rural","Y",7977,0.0215619907233296,8.98444303246535,0.0213328194090903
"LP002959","Female","Yes","1","Graduate","No",12000,0,496,360,1,"Semiurban","Y",12000,0.0413333333333333,9.39274525863144,0.0405019433093298
"LP002960","Male","Yes","0","Not Graduate","No",2400,3800,NA,180,1,"Urban","N",6200,NA,8.73246584834988,NA
"LP002961","Male","Yes","1","Graduate","No",3400,2500,173,360,1,"Semiurban","Y",5900,0.0293220338983051,8.68287710705717,0.0289003660037645
"LP002964","Male","Yes","2","Not Graduate","No",3987,1411,157,360,1,"Rural","Y",5398,0.0290848462393479,8.59396903021829,0.0286699084957804
"LP002974","Male","Yes","0","Graduate","No",3232,1950,108,360,1,"Rural","Y",5182,0.0208413739868777,8.55313931818971,0.0206271637302898
"LP002978","Female","No","0","Graduate","No",2900,0,71,360,1,"Rural","Y",2900,0.0244827586206897,7.9728107841214,0.0241878594880422
"LP002979","Male","Yes","3+","Graduate","No",4106,0,40,180,1,"Rural","Y",4106,0.00974184120798831,8.32044811395656,0.00969469541684602
"LP002983","Male","Yes","1","Graduate","No",8072,240,253,360,1,"Urban","Y",8312,0.0304379210779596,9.02557583353109,0.029983877979157
"LP002984","Male","Yes","2","Graduate","No",7583,0,187,360,1,"Urban","Y",7583,0.0246604246340498,8.93379604393486,0.0243612646607576
"LP002990","Female","No","0","Graduate","Yes",4583,0,133,360,0,"Semiurban","N",4583,0.0290202923849007,8.43032725839458,0.0286071771481375
